-- phpMyAdmin SQL Dump
-- version 4.9.7
-- https://www.phpmyadmin.net/
--
-- Servidor: localhost:3306
-- Tiempo de generación: 24-11-2022 a las 15:56:18
-- Versión del servidor: 10.3.36-MariaDB-log-cll-lve
-- Versión de PHP: 7.4.30

SET SQL_MODE = "NO_AUTO_VALUE_ON_ZERO";
SET AUTOCOMMIT = 0;
START TRANSACTION;
SET time_zone = "+00:00";


/*!40101 SET @OLD_CHARACTER_SET_CLIENT=@@CHARACTER_SET_CLIENT */;
/*!40101 SET @OLD_CHARACTER_SET_RESULTS=@@CHARACTER_SET_RESULTS */;
/*!40101 SET @OLD_COLLATION_CONNECTION=@@COLLATION_CONNECTION */;
/*!40101 SET NAMES utf8mb4 */;

--
-- Base de datos: `almajinq_empresas`
--
CREATE DATABASE IF NOT EXISTS `almajinq_empresas` DEFAULT CHARACTER SET latin1 COLLATE latin1_swedish_ci;
USE `almajinq_empresas`;

-- --------------------------------------------------------

--
-- Estructura de tabla para la tabla `categories`
--

CREATE TABLE `categories` (
  `id` int(11) NOT NULL,
  `name` varchar(50) DEFAULT NULL,
  `file` varchar(50) DEFAULT NULL,
  `slug` longtext DEFAULT NULL,
  `state` int(11) DEFAULT NULL,
  `is_menu` int(11) DEFAULT NULL,
  `created_at` datetime DEFAULT NULL,
  `updated_at` datetime DEFAULT NULL
) ENGINE=MyISAM DEFAULT CHARSET=latin1;

--
-- Volcado de datos para la tabla `categories`
--

INSERT INTO `categories` (`id`, `name`, `file`, `slug`, `state`, `is_menu`, `created_at`, `updated_at`) VALUES
(1, 'Merchandising', '1665624501.png', 'merchandising', 1, 1, '2022-09-23 18:24:18', '2022-10-13 22:49:39'),
(2, 'Regalos', '1665624410.png', 'regalos', 1, 1, '2022-09-25 13:00:32', '2022-10-13 22:49:29');

-- --------------------------------------------------------

--
-- Estructura de tabla para la tabla `category_banner`
--

CREATE TABLE `category_banner` (
  `id` int(11) NOT NULL,
  `file` longtext DEFAULT NULL,
  `category_id` int(11) DEFAULT NULL,
  `created_at` datetime DEFAULT NULL,
  `updated_at` datetime DEFAULT NULL
) ENGINE=MyISAM DEFAULT CHARSET=latin1;

--
-- Volcado de datos para la tabla `category_banner`
--

INSERT INTO `category_banner` (`id`, `file`, `category_id`, `created_at`, `updated_at`) VALUES
(1, '1665705716_Banner WORKSHOP FACILITATION-01.png.png', 4, '2022-10-13 19:01:56', '2022-10-13 19:01:56'),
(2, '1665705716_Susan Osborne-01.png.png', 4, '2022-10-13 19:01:56', '2022-10-13 19:01:56');

-- --------------------------------------------------------

--
-- Estructura de tabla para la tabla `cities`
--

CREATE TABLE `cities` (
  `id` int(10) UNSIGNED NOT NULL,
  `code_departament` varchar(125) COLLATE utf8mb4_unicode_ci NOT NULL,
  `code` varchar(125) COLLATE utf8mb4_unicode_ci NOT NULL,
  `name` varchar(125) COLLATE utf8mb4_unicode_ci NOT NULL,
  `created_at` timestamp NULL DEFAULT NULL,
  `updated_at` timestamp NULL DEFAULT NULL
) ENGINE=MyISAM DEFAULT CHARSET=utf8mb4 COLLATE=utf8mb4_unicode_ci;

--
-- Volcado de datos para la tabla `cities`
--

INSERT INTO `cities` (`id`, `code_departament`, `code`, `name`, `created_at`, `updated_at`) VALUES
(1, '05', '001', 'MEDELLIN', NULL, NULL),
(2, '05', '002', 'ABEJORRAL', NULL, NULL),
(3, '05', '004', 'ABRIAQUI', NULL, NULL),
(4, '05', '021', 'ALEJANDRIA', NULL, NULL),
(5, '05', '030', 'AMAGA', NULL, NULL),
(6, '05', '031', 'AMALFI', NULL, NULL),
(7, '05', '034', 'ANDES', NULL, NULL),
(8, '05', '036', 'ANGELOPOLIS', NULL, NULL),
(9, '05', '038', 'ANGOSTURA', NULL, NULL),
(10, '05', '040', 'ANORI', NULL, NULL),
(11, '05', '042', 'SANTAFE DE ANTIOQUIA', NULL, NULL),
(12, '05', '044', 'ANZA', NULL, NULL),
(13, '05', '045', 'APARTADO', NULL, NULL),
(14, '05', '051', 'ARBOLETES', NULL, NULL),
(15, '05', '055', 'ARGELIA', NULL, NULL),
(16, '05', '059', 'ARMENIA', NULL, NULL),
(17, '05', '079', 'BARBOSA', NULL, NULL),
(18, '05', '086', 'BELMIRA', NULL, NULL),
(19, '05', '088', 'BELLO', NULL, NULL),
(20, '05', '091', 'BETANIA', NULL, NULL),
(21, '05', '093', 'BETULIA', NULL, NULL),
(22, '05', '101', 'CIUDAD BOLIVAR', NULL, NULL),
(23, '05', '107', 'BRICEÑO', NULL, NULL),
(24, '05', '113', 'BURITICA', NULL, NULL),
(25, '05', '120', 'CACERES', NULL, NULL),
(26, '05', '125', 'CAICEDO', NULL, NULL),
(27, '05', '129', 'CALDAS', NULL, NULL),
(28, '05', '134', 'CAMPAMENTO', NULL, NULL),
(29, '05', '138', 'CAÑASGORDAS', NULL, NULL),
(30, '05', '142', 'CARACOLI', NULL, NULL),
(31, '05', '145', 'CARAMANTA', NULL, NULL),
(32, '05', '147', 'CAREPA', NULL, NULL),
(33, '05', '148', 'EL CARMEN DE VIBORAL', NULL, NULL),
(34, '05', '150', 'CAROLINA', NULL, NULL),
(35, '05', '154', 'CAUCASIA', NULL, NULL),
(36, '05', '172', 'CHIGORODO', NULL, NULL),
(37, '05', '190', 'CISNEROS', NULL, NULL),
(38, '05', '197', 'COCORNA', NULL, NULL),
(39, '05', '206', 'CONCEPCION', NULL, NULL),
(40, '05', '209', 'CONCORDIA', NULL, NULL),
(41, '05', '212', 'COPACABANA', NULL, NULL),
(42, '05', '234', 'DABEIBA', NULL, NULL),
(43, '05', '237', 'DON MATIAS', NULL, NULL),
(44, '05', '240', 'EBEJICO', NULL, NULL),
(45, '05', '250', 'EL BAGRE', NULL, NULL),
(46, '05', '264', 'ENTRERRIOS', NULL, NULL),
(47, '05', '266', 'ENVIGADO', NULL, NULL),
(48, '05', '282', 'FREDONIA', NULL, NULL),
(49, '05', '284', 'FRONTINO', NULL, NULL),
(50, '05', '306', 'GIRALDO', NULL, NULL),
(51, '05', '308', 'GIRARDOTA', NULL, NULL),
(52, '05', '310', 'GOMEZ PLATA', NULL, NULL),
(53, '05', '313', 'GRANADA', NULL, NULL),
(54, '05', '315', 'GUADALUPE', NULL, NULL),
(55, '05', '318', 'GUARNE', NULL, NULL),
(56, '05', '321', 'GUATAPE', NULL, NULL),
(57, '05', '347', 'HELICONIA', NULL, NULL),
(58, '05', '353', 'HISPANIA', NULL, NULL),
(59, '05', '360', 'ITAGUI', NULL, NULL),
(60, '05', '361', 'ITUANGO', NULL, NULL),
(61, '05', '364', 'JARDIN', NULL, NULL),
(62, '05', '368', 'JERICO', NULL, NULL),
(63, '05', '376', 'LA CEJA', NULL, NULL),
(64, '05', '380', 'LA ESTRELLA', NULL, NULL),
(65, '05', '390', 'LA PINTADA', NULL, NULL),
(66, '05', '400', 'LA UNION', NULL, NULL),
(67, '05', '411', 'LIBORINA', NULL, NULL),
(68, '05', '425', 'MACEO', NULL, NULL),
(69, '05', '440', 'MARINILLA', NULL, NULL),
(70, '05', '467', 'MONTEBELLO', NULL, NULL),
(71, '05', '475', 'MURINDO', NULL, NULL),
(72, '05', '480', 'MUTATA', NULL, NULL),
(73, '05', '483', 'NARIÑO', NULL, NULL),
(74, '05', '490', 'NECOCLI', NULL, NULL),
(75, '05', '495', 'NECHI', NULL, NULL),
(76, '05', '501', 'OLAYA', NULL, NULL),
(77, '05', '541', 'PEÐOL', NULL, NULL),
(78, '05', '543', 'PEQUE', NULL, NULL),
(79, '05', '576', 'PUEBLORRICO', NULL, NULL),
(80, '05', '579', 'PUERTO BERRIO', NULL, NULL),
(81, '05', '585', 'PUERTO NARE', NULL, NULL),
(82, '05', '591', 'PUERTO TRIUNFO', NULL, NULL),
(83, '05', '604', 'REMEDIOS', NULL, NULL),
(84, '05', '607', 'RETIRO', NULL, NULL),
(85, '05', '615', 'RIONEGRO', NULL, NULL),
(86, '05', '628', 'SABANALARGA', NULL, NULL),
(87, '05', '631', 'SABANETA', NULL, NULL),
(88, '05', '642', 'SALGAR', NULL, NULL),
(89, '05', '647', 'SAN ANDRES DE CUERQUIA', NULL, NULL),
(90, '05', '649', 'SAN CARLOS', NULL, NULL),
(91, '05', '652', 'SAN FRANCISCO', NULL, NULL),
(92, '05', '656', 'SAN JERONIMO', NULL, NULL),
(93, '05', '658', 'SAN JOSE DE LA MONTAÑA', NULL, NULL),
(94, '05', '659', 'SAN JUAN DE URABA', NULL, NULL),
(95, '05', '660', 'SAN LUIS', NULL, NULL),
(96, '05', '664', 'SAN PEDRO', NULL, NULL),
(97, '05', '665', 'SAN PEDRO DE URABA', NULL, NULL),
(98, '05', '667', 'SAN RAFAEL', NULL, NULL),
(99, '05', '670', 'SAN ROQUE', NULL, NULL),
(100, '05', '674', 'SAN VICENTE', NULL, NULL),
(101, '05', '679', 'SANTA BARBARA', NULL, NULL),
(102, '05', '686', 'SANTA ROSA DE OSOS', NULL, NULL),
(103, '05', '690', 'SANTO DOMINGO', NULL, NULL),
(104, '05', '697', 'EL SANTUARIO', NULL, NULL),
(105, '05', '736', 'SEGOVIA', NULL, NULL),
(106, '05', '756', 'SONSON', NULL, NULL),
(107, '05', '761', 'SOPETRAN', NULL, NULL),
(108, '05', '789', 'TAMESIS', NULL, NULL),
(109, '05', '790', 'TARAZA', NULL, NULL),
(110, '05', '792', 'TARSO', NULL, NULL),
(111, '05', '809', 'TITIRIBI', NULL, NULL),
(112, '05', '819', 'TOLEDO', NULL, NULL),
(113, '05', '837', 'TURBO', NULL, NULL),
(114, '05', '842', 'URAMITA', NULL, NULL),
(115, '05', '847', 'URRAO', NULL, NULL),
(116, '05', '854', 'VALDIVIA', NULL, NULL),
(117, '05', '856', 'VALPARAISO', NULL, NULL),
(118, '05', '858', 'VEGACHI', NULL, NULL),
(119, '05', '861', 'VENECIA', NULL, NULL),
(120, '05', '873', 'VIGIA DEL FUERTE', NULL, NULL),
(121, '05', '885', 'YALI', NULL, NULL),
(122, '05', '887', 'YARUMAL', NULL, NULL),
(123, '05', '890', 'YOLOMBO', NULL, NULL),
(124, '05', '893', 'YONDO', NULL, NULL),
(125, '05', '895', 'ZARAGOZA', NULL, NULL),
(126, '08', '001', 'BARRANQUILLA', NULL, NULL),
(127, '08', '078', 'BARANOA', NULL, NULL),
(128, '08', '137', 'CAMPO DE LA CRUZ', NULL, NULL),
(129, '08', '141', 'CANDELARIA', NULL, NULL),
(130, '08', '296', 'GALAPA', NULL, NULL),
(131, '08', '372', 'JUAN DE ACOSTA', NULL, NULL),
(132, '08', '421', 'LURUACO', NULL, NULL),
(133, '08', '433', 'MALAMBO', NULL, NULL),
(134, '08', '436', 'MANATI', NULL, NULL),
(135, '08', '520', 'PALMAR DE VARELA', NULL, NULL),
(136, '08', '549', 'PIOJO', NULL, NULL),
(137, '08', '558', 'POLONUEVO', NULL, NULL),
(138, '08', '560', 'PONEDERA', NULL, NULL),
(139, '08', '573', 'PUERTO COLOMBIA', NULL, NULL),
(140, '08', '606', 'REPELON', NULL, NULL),
(141, '08', '634', 'SABANAGRANDE', NULL, NULL),
(142, '08', '638', 'SABANALARGA', NULL, NULL),
(143, '08', '675', 'SANTA LUCIA', NULL, NULL),
(144, '08', '685', 'SANTO TOMAS', NULL, NULL),
(145, '08', '758', 'SOLEDAD', NULL, NULL),
(146, '08', '770', 'SUAN', NULL, NULL),
(147, '08', '832', 'TUBARA', NULL, NULL),
(148, '08', '849', 'USIACURI', NULL, NULL),
(149, '11', '001', 'BOGOTA, D.C.', NULL, NULL),
(150, '13', '001', 'CARTAGENA', NULL, NULL),
(151, '13', '006', 'ACHI', NULL, NULL),
(152, '13', '030', 'ALTOS DEL ROSARIO', NULL, NULL),
(153, '13', '042', 'ARENAL', NULL, NULL),
(154, '13', '052', 'ARJONA', NULL, NULL),
(155, '13', '062', 'ARROYOHONDO', NULL, NULL),
(156, '13', '074', 'BARRANCO DE LOBA', NULL, NULL),
(157, '13', '140', 'CALAMAR', NULL, NULL),
(158, '13', '160', 'CANTAGALLO', NULL, NULL),
(159, '13', '188', 'CICUCO', NULL, NULL),
(160, '13', '212', 'CORDOBA', NULL, NULL),
(161, '13', '222', 'CLEMENCIA', NULL, NULL),
(162, '13', '244', 'EL CARMEN DE BOLIVAR', NULL, NULL),
(163, '13', '248', 'EL GUAMO', NULL, NULL),
(164, '13', '268', 'EL PEÑON', NULL, NULL),
(165, '13', '300', 'HATILLO DE LOBA', NULL, NULL),
(166, '13', '430', 'MAGANGUE', NULL, NULL),
(167, '13', '433', 'MAHATES', NULL, NULL),
(168, '13', '440', 'MARGARITA', NULL, NULL),
(169, '13', '442', 'MARIA LA BAJA', NULL, NULL),
(170, '13', '458', 'MONTECRISTO', NULL, NULL),
(171, '13', '468', 'MOMPOS', NULL, NULL),
(172, '13', '490', 'NOROSI', NULL, NULL),
(173, '13', '473', 'MORALES', NULL, NULL),
(174, '13', '549', 'PINILLOS', NULL, NULL),
(175, '13', '580', 'REGIDOR', NULL, NULL),
(176, '13', '600', 'RIO VIEJO', NULL, NULL),
(177, '13', '620', 'SAN CRISTOBAL', NULL, NULL),
(178, '13', '647', 'SAN ESTANISLAO', NULL, NULL),
(179, '13', '650', 'SAN FERNANDO', NULL, NULL),
(180, '13', '654', 'SAN JACINTO', NULL, NULL),
(181, '13', '655', 'SAN JACINTO DEL CAUCA', NULL, NULL),
(182, '13', '657', 'SAN JUAN NEPOMUCENO', NULL, NULL),
(183, '13', '667', 'SAN MARTIN DE LOBA', NULL, NULL),
(184, '13', '670', 'SAN PABLO', NULL, NULL),
(185, '13', '673', 'SANTA CATALINA', NULL, NULL),
(186, '13', '683', 'SANTA ROSA', NULL, NULL),
(187, '13', '688', 'SANTA ROSA DEL SUR', NULL, NULL),
(188, '13', '744', 'SIMITI', NULL, NULL),
(189, '13', '760', 'SOPLAVIENTO', NULL, NULL),
(190, '13', '780', 'TALAIGUA NUEVO', NULL, NULL),
(191, '13', '810', 'TIQUISIO', NULL, NULL),
(192, '13', '836', 'TURBACO', NULL, NULL),
(193, '13', '838', 'TURBANA', NULL, NULL),
(194, '13', '873', 'VILLANUEVA', NULL, NULL),
(195, '13', '894', 'ZAMBRANO', NULL, NULL),
(196, '15', '001', 'TUNJA', NULL, NULL),
(197, '15', '022', 'ALMEIDA', NULL, NULL),
(198, '15', '047', 'AQUITANIA', NULL, NULL),
(199, '15', '051', 'ARCABUCO', NULL, NULL),
(200, '15', '087', 'BELEN', NULL, NULL),
(201, '15', '090', 'BERBEO', NULL, NULL),
(202, '15', '092', 'BETEITIVA', NULL, NULL),
(203, '15', '097', 'BOAVITA', NULL, NULL),
(204, '15', '104', 'BOYACA', NULL, NULL),
(205, '15', '106', 'BRICEÑO', NULL, NULL),
(206, '15', '109', 'BUENAVISTA', NULL, NULL),
(207, '15', '114', 'BUSBANZA', NULL, NULL),
(208, '15', '131', 'CALDAS', NULL, NULL),
(209, '15', '135', 'CAMPOHERMOSO', NULL, NULL),
(210, '15', '162', 'CERINZA', NULL, NULL),
(211, '15', '172', 'CHINAVITA', NULL, NULL),
(212, '15', '176', 'CHIQUINQUIRA', NULL, NULL),
(213, '15', '180', 'CHISCAS', NULL, NULL),
(214, '15', '183', 'CHITA', NULL, NULL),
(215, '15', '185', 'CHITARAQUE', NULL, NULL),
(216, '15', '187', 'CHIVATA', NULL, NULL),
(217, '15', '189', 'CIENEGA', NULL, NULL),
(218, '15', '204', 'COMBITA', NULL, NULL),
(219, '15', '212', 'COPER', NULL, NULL),
(220, '15', '215', 'CORRALES', NULL, NULL),
(221, '15', '218', 'COVARACHIA', NULL, NULL),
(222, '15', '223', 'CUBARA', NULL, NULL),
(223, '15', '224', 'CUCAITA', NULL, NULL),
(224, '15', '226', 'CUITIVA', NULL, NULL),
(225, '15', '232', 'CHIQUIZA', NULL, NULL),
(226, '15', '236', 'CHIVOR', NULL, NULL),
(227, '15', '238', 'DUITAMA', NULL, NULL),
(228, '15', '244', 'EL COCUY', NULL, NULL),
(229, '15', '248', 'EL ESPINO', NULL, NULL),
(230, '15', '272', 'FIRAVITOBA', NULL, NULL),
(231, '15', '276', 'FLORESTA', NULL, NULL),
(232, '15', '293', 'GACHANTIVA', NULL, NULL),
(233, '15', '296', 'GAMEZA', NULL, NULL),
(234, '15', '299', 'GARAGOA', NULL, NULL),
(235, '15', '317', 'GUACAMAYAS', NULL, NULL),
(236, '15', '322', 'GUATEQUE', NULL, NULL),
(237, '15', '325', 'GUAYATA', NULL, NULL),
(238, '15', '332', 'GsICAN', NULL, NULL),
(239, '15', '362', 'IZA', NULL, NULL),
(240, '15', '367', 'JENESANO', NULL, NULL),
(241, '15', '368', 'JERICO', NULL, NULL),
(242, '15', '377', 'LABRANZAGRANDE', NULL, NULL),
(243, '15', '380', 'LA CAPILLA', NULL, NULL),
(244, '15', '401', 'LA VICTORIA', NULL, NULL),
(245, '15', '403', 'LA UVITA', NULL, NULL),
(246, '15', '407', 'VILLA DE LEYVA', NULL, NULL),
(247, '15', '425', 'MACANAL', NULL, NULL),
(248, '15', '442', 'MARIPI', NULL, NULL),
(249, '15', '455', 'MIRAFLORES', NULL, NULL),
(250, '15', '464', 'MONGUA', NULL, NULL),
(251, '15', '466', 'MONGUI', NULL, NULL),
(252, '15', '469', 'MONIQUIRA', NULL, NULL),
(253, '15', '476', 'MOTAVITA', NULL, NULL),
(254, '15', '480', 'MUZO', NULL, NULL),
(255, '15', '491', 'NOBSA', NULL, NULL),
(256, '15', '494', 'NUEVO COLON', NULL, NULL),
(257, '15', '500', 'OICATA', NULL, NULL),
(258, '15', '507', 'OTANCHE', NULL, NULL),
(259, '15', '511', 'PACHAVITA', NULL, NULL),
(260, '15', '514', 'PAEZ', NULL, NULL),
(261, '15', '516', 'PAIPA', NULL, NULL),
(262, '15', '518', 'PAJARITO', NULL, NULL),
(263, '15', '522', 'PANQUEBA', NULL, NULL),
(264, '15', '531', 'PAUNA', NULL, NULL),
(265, '15', '533', 'PAYA', NULL, NULL),
(266, '15', '537', 'PAZ DE RIO', NULL, NULL),
(267, '15', '542', 'PESCA', NULL, NULL),
(268, '15', '550', 'PISBA', NULL, NULL),
(269, '15', '572', 'PUERTO BOYACA', NULL, NULL),
(270, '15', '580', 'QUIPAMA', NULL, NULL),
(271, '15', '599', 'RAMIRIQUI', NULL, NULL),
(272, '15', '600', 'RAQUIRA', NULL, NULL),
(273, '15', '621', 'RONDON', NULL, NULL),
(274, '15', '632', 'SABOYA', NULL, NULL),
(275, '15', '638', 'SACHICA', NULL, NULL),
(276, '15', '646', 'SAMACA', NULL, NULL),
(277, '15', '660', 'SAN EDUARDO', NULL, NULL),
(278, '15', '664', 'SAN JOSE DE PARE', NULL, NULL),
(279, '15', '667', 'SAN LUIS DE GACENO', NULL, NULL),
(280, '15', '673', 'SAN MATEO', NULL, NULL),
(281, '15', '676', 'SAN MIGUEL DE SEMA', NULL, NULL),
(282, '15', '681', 'SAN PABLO DE BORBUR', NULL, NULL),
(283, '15', '686', 'SANTANA', NULL, NULL),
(284, '15', '690', 'SANTA MARIA', NULL, NULL),
(285, '15', '693', 'SANTA ROSA DE VITERBO', NULL, NULL),
(286, '15', '696', 'SANTA SOFIA', NULL, NULL),
(287, '15', '720', 'SATIVANORTE', NULL, NULL),
(288, '15', '723', 'SATIVASUR', NULL, NULL),
(289, '15', '740', 'SIACHOQUE', NULL, NULL),
(290, '15', '753', 'SOATA', NULL, NULL),
(291, '15', '755', 'SOCOTA', NULL, NULL),
(292, '15', '757', 'SOCHA', NULL, NULL),
(293, '15', '759', 'SOGAMOSO', NULL, NULL),
(294, '15', '761', 'SOMONDOCO', NULL, NULL),
(295, '15', '762', 'SORA', NULL, NULL),
(296, '15', '763', 'SOTAQUIRA', NULL, NULL),
(297, '15', '764', 'SORACA', NULL, NULL),
(298, '15', '774', 'SUSACON', NULL, NULL),
(299, '15', '776', 'SUTAMARCHAN', NULL, NULL),
(300, '15', '778', 'SUTATENZA', NULL, NULL),
(301, '15', '790', 'TASCO', NULL, NULL),
(302, '15', '798', 'TENZA', NULL, NULL),
(303, '15', '804', 'TIBANA', NULL, NULL),
(304, '15', '806', 'TIBASOSA', NULL, NULL),
(305, '15', '808', 'TINJACA', NULL, NULL),
(306, '15', '810', 'TIPACOQUE', NULL, NULL),
(307, '15', '814', 'TOCA', NULL, NULL),
(308, '15', '816', 'TOGsI', NULL, NULL),
(309, '15', '820', 'TOPAGA', NULL, NULL),
(310, '15', '822', 'TOTA', NULL, NULL),
(311, '15', '832', 'TUNUNGUA', NULL, NULL),
(312, '15', '835', 'TURMEQUE', NULL, NULL),
(313, '15', '837', 'TUTA', NULL, NULL),
(314, '15', '839', 'TUTAZA', NULL, NULL),
(315, '15', '842', 'UMBITA', NULL, NULL),
(316, '15', '861', 'VENTAQUEMADA', NULL, NULL),
(317, '15', '879', 'VIRACACHA', NULL, NULL),
(318, '15', '897', 'ZETAQUIRA', NULL, NULL),
(319, '17', '001', 'MANIZALES', NULL, NULL),
(320, '17', '013', 'AGUADAS', NULL, NULL),
(321, '17', '042', 'ANSERMA', NULL, NULL),
(322, '17', '050', 'ARANZAZU', NULL, NULL),
(323, '17', '088', 'BELALCAZAR', NULL, NULL),
(324, '17', '174', 'CHINCHINA', NULL, NULL),
(325, '17', '272', 'FILADELFIA', NULL, NULL),
(326, '17', '380', 'LA DORADA', NULL, NULL),
(327, '17', '388', 'LA MERCED', NULL, NULL),
(328, '17', '433', 'MANZANARES', NULL, NULL),
(329, '17', '442', 'MARMATO', NULL, NULL),
(330, '17', '444', 'MARQUETALIA', NULL, NULL),
(331, '17', '446', 'MARULANDA', NULL, NULL),
(332, '17', '486', 'NEIRA', NULL, NULL),
(333, '17', '495', 'NORCASIA', NULL, NULL),
(334, '17', '513', 'PACORA', NULL, NULL),
(335, '17', '524', 'PALESTINA', NULL, NULL),
(336, '17', '541', 'PENSILVANIA', NULL, NULL),
(337, '17', '614', 'RIOSUCIO', NULL, NULL),
(338, '17', '616', 'RISARALDA', NULL, NULL),
(339, '17', '653', 'SALAMINA', NULL, NULL),
(340, '17', '662', 'SAMANA', NULL, NULL),
(341, '17', '665', 'SAN JOSE', NULL, NULL),
(342, '17', '777', 'SUPIA', NULL, NULL),
(343, '17', '867', 'VICTORIA', NULL, NULL),
(344, '17', '873', 'VILLAMARIA', NULL, NULL),
(345, '17', '877', 'VITERBO', NULL, NULL),
(346, '18', '001', 'FLORENCIA', NULL, NULL),
(347, '18', '029', 'ALBANIA', NULL, NULL),
(348, '18', '094', 'BELEN DE LOS ANDAQUIES', NULL, NULL),
(349, '18', '150', 'CARTAGENA DEL CHAIRA', NULL, NULL),
(350, '18', '205', 'CURILLO', NULL, NULL),
(351, '18', '247', 'EL DONCELLO', NULL, NULL),
(352, '18', '256', 'EL PAUJIL', NULL, NULL),
(353, '18', '410', 'LA MONTAÑITA', NULL, NULL),
(354, '18', '460', 'MILAN', NULL, NULL),
(355, '18', '479', 'MORELIA', NULL, NULL),
(356, '18', '592', 'PUERTO RICO', NULL, NULL),
(357, '18', '610', 'SAN JOSE DEL FRAGUA', NULL, NULL),
(358, '18', '753', 'SAN VICENTE DEL CAGUAN', NULL, NULL),
(359, '18', '756', 'SOLANO', NULL, NULL),
(360, '18', '785', 'SOLITA', NULL, NULL),
(361, '18', '860', 'VALPARAISO', NULL, NULL),
(362, '19', '001', 'POPAYAN', NULL, NULL),
(363, '19', '022', 'ALMAGUER', NULL, NULL),
(364, '19', '050', 'ARGELIA', NULL, NULL),
(365, '19', '075', 'BALBOA', NULL, NULL),
(366, '19', '100', 'BOLIVAR', NULL, NULL),
(367, '19', '110', 'BUENOS AIRES', NULL, NULL),
(368, '19', '130', 'CAJIBIO', NULL, NULL),
(369, '19', '137', 'CALDONO', NULL, NULL),
(370, '19', '142', 'CALOTO', NULL, NULL),
(371, '19', '212', 'CORINTO', NULL, NULL),
(372, '19', '256', 'EL TAMBO', NULL, NULL),
(373, '19', '290', 'FLORENCIA', NULL, NULL),
(374, '19', '300', 'GUACHENE', NULL, NULL),
(375, '19', '318', 'GUAPI', NULL, NULL),
(376, '19', '355', 'INZA', NULL, NULL),
(377, '19', '364', 'JAMBALO', NULL, NULL),
(378, '19', '392', 'LA SIERRA', NULL, NULL),
(379, '19', '397', 'LA VEGA', NULL, NULL),
(380, '19', '418', 'LOPEZ', NULL, NULL),
(381, '19', '450', 'MERCADERES', NULL, NULL),
(382, '19', '455', 'MIRANDA', NULL, NULL),
(383, '19', '473', 'MORALES', NULL, NULL),
(384, '19', '513', 'PADILLA', NULL, NULL),
(385, '19', '517', 'PAEZ', NULL, NULL),
(386, '19', '532', 'PATIA', NULL, NULL),
(387, '19', '533', 'PIAMONTE', NULL, NULL),
(388, '19', '548', 'PIENDAMO', NULL, NULL),
(389, '19', '573', 'PUERTO TEJADA', NULL, NULL),
(390, '19', '585', 'PURACE', NULL, NULL),
(391, '19', '622', 'ROSAS', NULL, NULL),
(392, '19', '693', 'SAN SEBASTIAN', NULL, NULL),
(393, '19', '698', 'SANTANDER DE QUILICHAO', NULL, NULL),
(394, '19', '701', 'SANTA ROSA', NULL, NULL),
(395, '19', '743', 'SILVIA', NULL, NULL),
(396, '19', '760', 'SOTARA', NULL, NULL),
(397, '19', '780', 'SUAREZ', NULL, NULL),
(398, '19', '785', 'SUCRE', NULL, NULL),
(399, '19', '807', 'TIMBIO', NULL, NULL),
(400, '19', '809', 'TIMBIQUI', NULL, NULL),
(401, '19', '821', 'TORIBIO', NULL, NULL),
(402, '19', '824', 'TOTORO', NULL, NULL),
(403, '19', '845', 'VILLA RICA', NULL, NULL),
(404, '20', '001', 'VALLEDUPAR', NULL, NULL),
(405, '20', '011', 'AGUACHICA', NULL, NULL),
(406, '20', '013', 'AGUSTIN CODAZZI', NULL, NULL),
(407, '20', '032', 'ASTREA', NULL, NULL),
(408, '20', '045', 'BECERRIL', NULL, NULL),
(409, '20', '060', 'BOSCONIA', NULL, NULL),
(410, '20', '175', 'CHIMICHAGUA', NULL, NULL),
(411, '20', '178', 'CHIRIGUANA', NULL, NULL),
(412, '20', '228', 'CURUMANI', NULL, NULL),
(413, '20', '238', 'EL COPEY', NULL, NULL),
(414, '20', '250', 'EL PASO', NULL, NULL),
(415, '20', '295', 'GAMARRA', NULL, NULL),
(416, '20', '310', 'GONZALEZ', NULL, NULL),
(417, '20', '383', 'LA GLORIA', NULL, NULL),
(418, '20', '400', 'LA JAGUA DE IBIRICO', NULL, NULL),
(419, '20', '443', 'MANAURE', NULL, NULL),
(420, '20', '517', 'PAILITAS', NULL, NULL),
(421, '20', '550', 'PELAYA', NULL, NULL),
(422, '20', '570', 'PUEBLO BELLO', NULL, NULL),
(423, '20', '614', 'RIO DE ORO', NULL, NULL),
(424, '20', '621', 'LA PAZ', NULL, NULL),
(425, '20', '710', 'SAN ALBERTO', NULL, NULL),
(426, '20', '750', 'SAN DIEGO', NULL, NULL),
(427, '20', '770', 'SAN MARTIN', NULL, NULL),
(428, '20', '787', 'TAMALAMEQUE', NULL, NULL),
(429, '20', '001', 'MONTERIA', NULL, NULL),
(430, '20', '068', 'AYAPEL', NULL, NULL),
(431, '20', '079', 'BUENAVISTA', NULL, NULL),
(432, '20', '090', 'CANALETE', NULL, NULL),
(433, '20', '162', 'CERETE', NULL, NULL),
(434, '20', '168', 'CHIMA', NULL, NULL),
(435, '20', '182', 'CHINU', NULL, NULL),
(436, '20', '189', 'CIENAGA DE ORO', NULL, NULL),
(437, '20', '300', 'COTORRA', NULL, NULL),
(438, '20', '350', 'LA APARTADA', NULL, NULL),
(439, '20', '417', 'LORICA', NULL, NULL),
(440, '20', '419', 'LOS CORDOBAS', NULL, NULL),
(441, '20', '464', 'MOMIL', NULL, NULL),
(442, '20', '466', 'MONTELIBANO', NULL, NULL),
(443, '20', '500', 'MOÑITOS', NULL, NULL),
(444, '20', '555', 'PLANETA RICA', NULL, NULL),
(445, '20', '570', 'PUEBLO NUEVO', NULL, NULL),
(446, '20', '574', 'PUERTO ESCONDIDO', NULL, NULL),
(447, '20', '580', 'PUERTO LIBERTADOR', NULL, NULL),
(448, '20', '586', 'PURISIMA', NULL, NULL),
(449, '20', '660', 'SAHAGUN', NULL, NULL),
(450, '20', '670', 'SAN ANDRES SOTAVENTO', NULL, NULL),
(451, '20', '672', 'SAN ANTERO', NULL, NULL),
(452, '20', '675', 'SAN BERNARDO DEL VIENTO', NULL, NULL),
(453, '20', '678', 'SAN CARLOS', NULL, NULL),
(454, '20', '686', 'SAN PELAYO', NULL, NULL),
(455, '20', '807', 'TIERRALTA', NULL, NULL),
(456, '20', '855', 'VALENCIA', NULL, NULL),
(457, '25', '001', 'AGUA DE DIOS', NULL, NULL),
(458, '25', '019', 'ALBAN', NULL, NULL),
(459, '25', '035', 'ANAPOIMA', NULL, NULL),
(460, '25', '040', 'ANOLAIMA', NULL, NULL),
(461, '25', '053', 'ARBELAEZ', NULL, NULL),
(462, '25', '086', 'BELTRAN', NULL, NULL),
(463, '25', '095', 'BITUIMA', NULL, NULL),
(464, '25', '099', 'BOJACA', NULL, NULL),
(465, '25', '120', 'CABRERA', NULL, NULL),
(466, '25', '123', 'CACHIPAY', NULL, NULL),
(467, '25', '126', 'CAJICA', NULL, NULL),
(468, '25', '148', 'CAPARRAPI', NULL, NULL),
(469, '25', '151', 'CAQUEZA', NULL, NULL),
(470, '25', '154', 'CARMEN DE CARUPA', NULL, NULL),
(471, '25', '168', 'CHAGUANI', NULL, NULL),
(472, '25', '175', 'CHIA', NULL, NULL),
(473, '25', '178', 'CHIPAQUE', NULL, NULL),
(474, '25', '181', 'CHOACHI', NULL, NULL),
(475, '25', '183', 'CHOCONTA', NULL, NULL),
(476, '25', '200', 'COGUA', NULL, NULL),
(477, '25', '214', 'COTA', NULL, NULL),
(478, '25', '224', 'CUCUNUBA', NULL, NULL),
(479, '25', '245', 'EL COLEGIO', NULL, NULL),
(480, '25', '258', 'EL PEÑON', NULL, NULL),
(481, '25', '260', 'EL ROSAL', NULL, NULL),
(482, '25', '269', 'FACATATIVA', NULL, NULL),
(483, '25', '279', 'FOMEQUE', NULL, NULL),
(484, '25', '281', 'FOSCA', NULL, NULL),
(485, '25', '286', 'FUNZA', NULL, NULL),
(486, '25', '288', 'FUQUENE', NULL, NULL),
(487, '25', '290', 'FUSAGASUGA', NULL, NULL),
(488, '25', '293', 'GACHALA', NULL, NULL),
(489, '25', '295', 'GACHANCIPA', NULL, NULL),
(490, '25', '297', 'GACHETA', NULL, NULL),
(491, '25', '299', 'GAMA', NULL, NULL),
(492, '25', '307', 'GIRARDOT', NULL, NULL),
(493, '25', '312', 'GRANADA', NULL, NULL),
(494, '25', '317', 'GUACHETA', NULL, NULL),
(495, '25', '320', 'GUADUAS', NULL, NULL),
(496, '25', '322', 'GUASCA', NULL, NULL),
(497, '25', '324', 'GUATAQUI', NULL, NULL),
(498, '25', '326', 'GUATAVITA', NULL, NULL),
(499, '25', '328', 'GUAYABAL DE SIQUIMA', NULL, NULL),
(500, '25', '335', 'GUAYABETAL', NULL, NULL),
(501, '25', '339', 'GUTIERREZ', NULL, NULL),
(502, '25', '368', 'JERUSALEN', NULL, NULL),
(503, '25', '372', 'JUNIN', NULL, NULL),
(504, '25', '377', 'LA CALERA', NULL, NULL),
(505, '25', '386', 'LA MESA', NULL, NULL),
(506, '25', '394', 'LA PALMA', NULL, NULL),
(507, '25', '398', 'LA PEÑA', NULL, NULL),
(508, '25', '402', 'LA VEGA', NULL, NULL),
(509, '25', '407', 'LENGUAZAQUE', NULL, NULL),
(510, '25', '426', 'MACHETA', NULL, NULL),
(511, '25', '430', 'MADRID', NULL, NULL),
(512, '25', '436', 'MANTA', NULL, NULL),
(513, '25', '438', 'MEDINA', NULL, NULL),
(514, '25', '473', 'MOSQUERA', NULL, NULL),
(515, '25', '483', 'NARIÑO', NULL, NULL),
(516, '25', '486', 'NEMOCON', NULL, NULL),
(517, '25', '488', 'NILO', NULL, NULL),
(518, '25', '489', 'NIMAIMA', NULL, NULL),
(519, '25', '491', 'NOCAIMA', NULL, NULL),
(520, '25', '506', 'VENECIA', NULL, NULL),
(521, '25', '513', 'PACHO', NULL, NULL),
(522, '25', '518', 'PAIME', NULL, NULL),
(523, '25', '524', 'PANDI', NULL, NULL),
(524, '25', '530', 'PARATEBUENO', NULL, NULL),
(525, '25', '535', 'PASCA', NULL, NULL),
(526, '25', '572', 'PUERTO SALGAR', NULL, NULL),
(527, '25', '580', 'PULI', NULL, NULL),
(528, '25', '592', 'QUEBRADANEGRA', NULL, NULL),
(529, '25', '594', 'QUETAME', NULL, NULL),
(530, '25', '596', 'QUIPILE', NULL, NULL),
(531, '25', '599', 'APULO', NULL, NULL),
(532, '25', '612', 'RICAURTE', NULL, NULL),
(533, '25', '645', 'SAN ANTONIO DEL TEQUENDAMA', NULL, NULL),
(534, '25', '649', 'SAN BERNARDO', NULL, NULL),
(535, '25', '653', 'SAN CAYETANO', NULL, NULL),
(536, '25', '658', 'SAN FRANCISCO', NULL, NULL),
(537, '25', '662', 'SAN JUAN DE RIO SECO', NULL, NULL),
(538, '25', '718', 'SASAIMA', NULL, NULL),
(539, '25', '736', 'SESQUILE', NULL, NULL),
(540, '25', '740', 'SIBATE', NULL, NULL),
(541, '25', '743', 'SILVANIA', NULL, NULL),
(542, '25', '745', 'SIMIJACA', NULL, NULL),
(543, '25', '754', 'SOACHA', NULL, NULL),
(544, '25', '758', 'SOPO', NULL, NULL),
(545, '25', '769', 'SUBACHOQUE', NULL, NULL),
(546, '25', '772', 'SUESCA', NULL, NULL),
(547, '25', '777', 'SUPATA', NULL, NULL),
(548, '25', '779', 'SUSA', NULL, NULL),
(549, '25', '781', 'SUTATAUSA', NULL, NULL),
(550, '25', '785', 'TABIO', NULL, NULL),
(551, '25', '793', 'TAUSA', NULL, NULL),
(552, '25', '797', 'TENA', NULL, NULL),
(553, '25', '799', 'TENJO', NULL, NULL),
(554, '25', '805 ', 'TIBACUY', NULL, NULL),
(555, '25', '807', 'TIBIRITA', NULL, NULL),
(556, '25', '815', 'TOCAIMA', NULL, NULL),
(557, '25', '817', 'TOCANCIPA', NULL, NULL),
(558, '25', '823', 'TOPAIPI', NULL, NULL),
(559, '25', '839', 'UBALA', NULL, NULL),
(560, '25', '841', 'UBAQUE', NULL, NULL),
(561, '25', '843', 'VILLA DE SAN DIEGO DE UBATE', NULL, NULL),
(562, '25', '845', 'UNE', NULL, NULL),
(563, '25', '851', 'UTICA', NULL, NULL),
(564, '25', '862', 'VERGARA', NULL, NULL),
(565, '25', '867', 'VIANI', NULL, NULL),
(566, '25', '871', 'VILLAGOMEZ', NULL, NULL),
(567, '25', '873', 'VILLAPINZON', NULL, NULL),
(568, '25', '875', 'VILLETA', NULL, NULL),
(569, '25', '878', 'VIOTA', NULL, NULL),
(570, '25', '885', 'YACOPI', NULL, NULL),
(571, '25', '898', 'ZIPACON', NULL, NULL),
(572, '25', '899', 'ZIPAQUIRA', NULL, NULL),
(573, '27', '001', 'QUIBDO', NULL, NULL),
(574, '27', '006', 'ACANDI', NULL, NULL),
(575, '27', '025', 'ALTO BAUDO', NULL, NULL),
(576, '27', '050', 'ATRATO', NULL, NULL),
(577, '27', '073', 'BAGADO', NULL, NULL),
(578, '27', '075', 'BAHIA SOLANO', NULL, NULL),
(579, '27', '077', 'BAJO BAUDO', NULL, NULL),
(580, '27', '099', 'BOJAYA', NULL, NULL),
(581, '27', '135', 'EL CANTON DEL SAN PABLO', NULL, NULL),
(582, '27', '150', 'CARMEN DEL DARIEN', NULL, NULL),
(583, '27', '160', 'CERTEGUI', NULL, NULL),
(584, '27', '205 ', 'CONDOTO', NULL, NULL),
(585, '27', '245', 'EL CARMEN DE ATRATO', NULL, NULL),
(586, '27', '250', 'EL LITORAL DEL SAN JUAN', NULL, NULL),
(587, '27', '361', 'ISTMINA', NULL, NULL),
(588, '27', '372', 'JURADO', NULL, NULL),
(589, '27', '413', 'LLORO', NULL, NULL),
(590, '27', '425', 'MEDIO ATRATO', NULL, NULL),
(591, '27', '430', 'MEDIO BAUDO', NULL, NULL),
(592, '27', '450', 'MEDIO SAN JUAN', NULL, NULL),
(593, '27', '491', 'NOVITA', NULL, NULL),
(594, '27', '495', 'NUQUI', NULL, NULL),
(595, '27', '580', 'RIO IRO', NULL, NULL),
(596, '27', '600', 'RIO QUITO', NULL, NULL),
(597, '27', '615', 'RIOSUCIO', NULL, NULL),
(598, '27', '660', 'SAN JOSE DEL PALMAR', NULL, NULL),
(599, '27', '745', 'SIPI', NULL, NULL),
(600, '27', '787', 'TADO', NULL, NULL),
(601, '27', '800', 'UNGUIA', NULL, NULL),
(602, '27', '810', 'UNION PANAMERICANA', NULL, NULL),
(603, '41', '001', 'NEIVA', NULL, NULL),
(604, '41', '006', 'ACEVEDO', NULL, NULL),
(605, '41', '013', 'AGRADO', NULL, NULL),
(606, '41', '016', 'AIPE', NULL, NULL),
(607, '41', '020', 'ALGECIRAS', NULL, NULL),
(608, '41', '026', 'ALTAMIRA', NULL, NULL),
(609, '41', '078', 'BARAYA', NULL, NULL),
(610, '41', '132', 'CAMPOALEGRE', NULL, NULL),
(611, '41', '206', 'COLOMBIA', NULL, NULL),
(612, '41', '244', 'ELIAS', NULL, NULL),
(613, '41', '298', 'GARZON', NULL, NULL),
(614, '41', '306', 'GIGANTE', NULL, NULL),
(615, '41', '319', 'GUADALUPE', NULL, NULL),
(616, '41', '349', 'HOBO', NULL, NULL),
(617, '41', '357', 'IQUIRA', NULL, NULL),
(618, '41', '359', 'ISNOS', NULL, NULL),
(619, '41', '378', 'LA ARGENTINA', NULL, NULL),
(620, '41', '396', 'LA PLATA', NULL, NULL),
(621, '41', '483', 'NATAGA', NULL, NULL),
(622, '41', '503', 'OPORAPA', NULL, NULL),
(623, '41', '518', 'PAICOL', NULL, NULL),
(624, '41', '524', 'PALERMO', NULL, NULL),
(625, '41', '530', 'PALESTINA', NULL, NULL),
(626, '41', '548', 'PITAL', NULL, NULL),
(627, '41', '551', 'PITALITO', NULL, NULL),
(628, '41', '615', 'RIVERA', NULL, NULL),
(629, '41', '660', 'SALADOBLANCO', NULL, NULL),
(630, '41', '668', 'SAN AGUSTIN', NULL, NULL),
(631, '41', '676', 'SANTA MARIA', NULL, NULL),
(632, '41', '770', 'SUAZA', NULL, NULL),
(633, '41', '791', 'TARQUI', NULL, NULL),
(634, '41', '797', 'TESALIA', NULL, NULL),
(635, '41', '799', 'TELLO', NULL, NULL),
(636, '41', '801', 'TERUEL', NULL, NULL),
(637, '41', '807', 'TIMANA', NULL, NULL),
(638, '41', '872', 'VILLAVIEJA', NULL, NULL),
(639, '41', '885', 'YAGUARA', NULL, NULL),
(640, '44', '001', 'RIOHACHA', NULL, NULL),
(641, '44', '035', 'ALBANIA', NULL, NULL),
(642, '44', '078', 'BARRANCAS', NULL, NULL),
(643, '44', '090', 'DIBULLA', NULL, NULL),
(644, '44', '098', 'DISTRACCION', NULL, NULL),
(645, '44', '110', 'EL MOLINO', NULL, NULL),
(646, '44', '279', 'FONSECA', NULL, NULL),
(647, '44', '378', 'HATONUEVO', NULL, NULL),
(648, '44', '420', 'LA JAGUA DEL PILAR', NULL, NULL),
(649, '44', '430', 'MAICAO', NULL, NULL),
(650, '44', '560', 'MANAURE', NULL, NULL),
(651, '44', '650', 'SAN JUAN DEL CESAR', NULL, NULL),
(652, '44', '847', 'URIBIA', NULL, NULL),
(653, '44', '855', 'URUMITA', NULL, NULL),
(654, '44', '874', 'VILLANUEVA', NULL, NULL),
(655, '47', '001', 'SANTA MARTA', NULL, NULL),
(656, '47', '030', 'ALGARROBO', NULL, NULL),
(657, '47', '053', 'ARACATACA', NULL, NULL),
(658, '47', '058', 'ARIGUANI', NULL, NULL),
(659, '47', '161', 'CERRO SAN ANTONIO', NULL, NULL),
(660, '47', '170', 'CHIBOLO', NULL, NULL),
(661, '47', '189', 'CIENAGA', NULL, NULL),
(662, '47', '205', 'CONCORDIA', NULL, NULL),
(663, '47', '245', 'EL BANCO', NULL, NULL),
(664, '47', '258', 'EL PIÑON', NULL, NULL),
(665, '47', '268', 'EL RETEN', NULL, NULL),
(666, '47', '288', 'FUNDACION', NULL, NULL),
(667, '47', '318', 'GUAMAL', NULL, NULL),
(668, '47', '460', 'NUEVA GRANADA', NULL, NULL),
(669, '47', '541', 'PEDRAZA', NULL, NULL),
(670, '47', '545', 'PIJIÑO DEL CARMEN', NULL, NULL),
(671, '47', '551', 'PIVIJAY', NULL, NULL),
(672, '47', '555', 'PLATO', NULL, NULL),
(673, '47', '570', 'PUEBLOVIEJO', NULL, NULL),
(674, '47', '605', 'REMOLINO', NULL, NULL),
(675, '47', '660', 'SABANAS DE SAN ANGEL', NULL, NULL),
(676, '47', '675', 'SALAMINA', NULL, NULL),
(677, '47', '692', 'SAN SEBASTIAN DE BUENAVISTA', NULL, NULL),
(678, '47', '703', 'SAN ZENON', NULL, NULL),
(679, '47', '707', 'SANTA ANA', NULL, NULL),
(680, '47', '720', 'SANTA BARBARA DE PINTO', NULL, NULL),
(681, '47', '745', 'SITIONUEVO', NULL, NULL),
(682, '47', '798', 'TENERIFE', NULL, NULL),
(683, '47', '960', 'ZAPAYAN', NULL, NULL),
(684, '47', '980', 'ZONA BANANERA', NULL, NULL),
(685, '50', '001', 'VILLAVICENCIO', NULL, NULL),
(686, '50', '006', 'ACACIAS', NULL, NULL),
(687, '50', '110', 'BARRANCA DE UPIA', NULL, NULL),
(688, '50', '124', 'CABUYARO', NULL, NULL),
(689, '50', '150', 'CASTILLA LA NUEVA', NULL, NULL),
(690, '50', '223', 'CUBARRAL', NULL, NULL),
(691, '50', '226', 'CUMARAL', NULL, NULL),
(692, '50', '245', 'EL CALVARIO', NULL, NULL),
(693, '50', '251', 'EL CASTILLO', NULL, NULL),
(694, '50', '270', 'EL DORADO', NULL, NULL),
(695, '50', '287', 'FUENTE DE ORO', NULL, NULL),
(696, '50', '313', 'GRANADA', NULL, NULL),
(697, '50', '318', 'GUAMAL', NULL, NULL),
(698, '50', '325', 'MAPIRIPAN', NULL, NULL),
(699, '50', '330', 'MESETAS', NULL, NULL),
(700, '50', '350', 'LA MACARENA', NULL, NULL),
(701, '50', '370', 'URIBE', NULL, NULL),
(702, '50', '400', 'LEJANIAS', NULL, NULL),
(703, '50', '450', 'PUERTO CONCORDIA', NULL, NULL),
(704, '50', '568', 'PUERTO GAITAN', NULL, NULL),
(705, '50', '573', 'PUERTO LOPEZ', NULL, NULL),
(706, '50', '577', 'PUERTO LLERAS', NULL, NULL),
(707, '50', '590', 'PUERTO RICO', NULL, NULL),
(708, '50', '606', 'RESTREPO', NULL, NULL),
(709, '50', '680', 'SAN CARLOS DE GUAROA', NULL, NULL),
(710, '50', '683', 'SAN JUAN DE ARAMA', NULL, NULL),
(711, '50', '686', 'SAN JUANITO', NULL, NULL),
(712, '50', '689', 'SAN MARTIN', NULL, NULL),
(713, '50', '711', 'VISTAHERMOSA', NULL, NULL),
(714, '52', '001', 'PASTO', NULL, NULL),
(715, '52', '019', 'ALBAN', NULL, NULL),
(716, '52', '022', 'ALDANA', NULL, NULL),
(717, '52', '036', 'ANCUYA', NULL, NULL),
(718, '52', '051', 'ARBOLEDA', NULL, NULL),
(719, '52', '079', 'BARBACOAS', NULL, NULL),
(720, '52', '083', 'BELEN', NULL, NULL),
(721, '52', '110', 'BUESACO', NULL, NULL),
(722, '52', '203', 'COLON', NULL, NULL),
(723, '52', '207', 'CONSACA', NULL, NULL),
(724, '52', '210', 'CONTADERO', NULL, NULL),
(725, '52', '215', 'CORDOBA', NULL, NULL),
(726, '52', '224', 'CUASPUD', NULL, NULL),
(727, '52', '227', 'CUMBAL', NULL, NULL),
(728, '52', '233', 'CUMBITARA', NULL, NULL),
(729, '52', '240', 'CHACHAGsI', NULL, NULL),
(730, '52', '250', 'EL CHARCO', NULL, NULL),
(731, '52', '254', 'EL PEÑOL', NULL, NULL),
(732, '52', '256', 'EL ROSARIO', NULL, NULL),
(733, '52', '258', 'EL TABLON DE GOMEZ', NULL, NULL),
(734, '52', '260', 'EL TAMBO', NULL, NULL),
(735, '52', '287', 'FUNES', NULL, NULL),
(736, '52', '317', 'GUACHUCAL', NULL, NULL),
(737, '52', '320', 'GUAITARILLA', NULL, NULL),
(738, '52', '323', 'GUALMATAN', NULL, NULL),
(739, '52', '352', 'ILES', NULL, NULL),
(740, '52', '354', 'IMUES', NULL, NULL),
(741, '52', '356', 'IPIALES', NULL, NULL),
(742, '52', '378', 'LA CRUZ', NULL, NULL),
(743, '52', '381', 'LA FLORIDA', NULL, NULL),
(744, '52', '385', 'LA LLANADA', NULL, NULL),
(745, '52', '390', 'LA TOLA', NULL, NULL),
(746, '52', '399', 'LA UNION', NULL, NULL),
(747, '52', '405', 'LEIVA', NULL, NULL),
(748, '52', '411', 'LINARES', NULL, NULL),
(749, '52', '418', 'LOS ANDES', NULL, NULL),
(750, '52', '427', 'MAGsI', NULL, NULL),
(751, '52', '435', 'MALLAMA', NULL, NULL),
(752, '52', '473', 'MOSQUERA', NULL, NULL),
(753, '52', '480', 'NARIÑO', NULL, NULL),
(754, '52', '490', 'OLAYA HERRERA', NULL, NULL),
(755, '52', '506', 'OSPINA', NULL, NULL),
(756, '52', '520', 'FRANCISCO PIZARRO', NULL, NULL),
(757, '52', '540', 'POLICARPA', NULL, NULL),
(758, '52', '560', 'POTOSI', NULL, NULL),
(759, '52', '565', 'PROVIDENCIA', NULL, NULL),
(760, '52', '573', 'PUERRES', NULL, NULL),
(761, '52', '585', 'PUPIALES', NULL, NULL),
(762, '52', '612', 'RICAURTE', NULL, NULL),
(763, '52', '621', 'ROBERTO PAYAN', NULL, NULL),
(764, '52', '678', 'SAMANIEGO', NULL, NULL),
(765, '52', '683', 'SANDONA', NULL, NULL),
(766, '52', '685', 'SAN BERNARDO', NULL, NULL),
(767, '52', '687', 'SAN LORENZO', NULL, NULL),
(768, '52', '693', 'SAN PABLO', NULL, NULL),
(769, '52', '694', 'SAN PEDRO DE CARTAGO', NULL, NULL),
(770, '52', '696', 'SANTA BARBARA', NULL, NULL),
(771, '52', '699', 'SANTACRUZ', NULL, NULL),
(772, '52', '720', 'SAPUYES', NULL, NULL),
(773, '52', '786', 'TAMINANGO', NULL, NULL),
(774, '52', '788', 'TANGUA', NULL, NULL),
(775, '52', '835', 'SAN ANDRES DE TUMACO', NULL, NULL),
(776, '52', '838', 'TUQUERRES', NULL, NULL),
(777, '52', '885', 'YACUANQUER', NULL, NULL),
(778, '54', '001', 'CUCUTA', NULL, NULL),
(779, '54', '003', 'ABREGO', NULL, NULL),
(780, '54', '051', 'ARBOLEDAS', NULL, NULL),
(781, '54', '099', 'BOCHALEMA', NULL, NULL),
(782, '54', '109', 'BUCARASICA', NULL, NULL),
(783, '54', '125', 'CACOTA', NULL, NULL),
(784, '54', '128', 'CACHIRA', NULL, NULL),
(785, '54', '172', 'CHINACOTA', NULL, NULL),
(786, '54', '174', 'CHITAGA', NULL, NULL),
(787, '54', '206', 'CONVENCION', NULL, NULL),
(788, '54', '223', 'CUCUTILLA', NULL, NULL),
(789, '54', '239', 'DURANIA', NULL, NULL),
(790, '54', '245', 'EL CARMEN', NULL, NULL),
(791, '54', '250', 'EL TARRA', NULL, NULL),
(792, '54', '261', 'EL ZULIA', NULL, NULL),
(793, '54', '313', 'GRAMALOTE', NULL, NULL),
(794, '54', '344', 'HACARI', NULL, NULL),
(795, '54', '347', 'HERRAN', NULL, NULL),
(796, '54', '377', 'LABATECA', NULL, NULL),
(797, '54', '385', 'LA ESPERANZA', NULL, NULL),
(798, '54', '398', 'LA PLAYA', NULL, NULL),
(799, '54', '405 ', 'LOS PATIOS', NULL, NULL),
(800, '54', '418', 'LOURDES', NULL, NULL),
(801, '54', '480', 'MUTISCUA', NULL, NULL),
(802, '54', '498', 'OCAÑA', NULL, NULL),
(803, '54', '518', 'PAMPLONA', NULL, NULL),
(804, '54', '520', 'PAMPLONITA', NULL, NULL),
(805, '54', '553', 'PUERTO SANTANDER', NULL, NULL),
(806, '54', '599', 'RAGONVALIA', NULL, NULL),
(807, '54', '660', 'SALAZAR', NULL, NULL),
(808, '54', '670', 'SAN CALIXTO', NULL, NULL),
(809, '54', '673', 'SAN CAYETANO', NULL, NULL),
(810, '54', '680', 'SANTIAGO', NULL, NULL),
(811, '54', '720', 'SARDINATA', NULL, NULL),
(812, '54', '743', 'SILOS', NULL, NULL),
(813, '54', '800', 'TEORAMA', NULL, NULL),
(814, '54', '810', 'TIBU', NULL, NULL),
(815, '54', '820', 'TOLEDO', NULL, NULL),
(816, '54', '871', 'VILLA CARO', NULL, NULL),
(817, '54', '874', 'VILLA DEL ROSARIO', NULL, NULL),
(818, '63', '001', 'ARMENIA', NULL, NULL),
(819, '63', '111', 'BUENAVISTA', NULL, NULL),
(820, '63', '130', 'CALARCA', NULL, NULL),
(821, '63', '190', 'CIRCASIA', NULL, NULL),
(822, '63', '212', 'CORDOBA', NULL, NULL),
(823, '63', '272', 'FILANDIA', NULL, NULL),
(824, '63', '302', 'GENOVA', NULL, NULL),
(825, '63', '401', 'LA TEBAIDA', NULL, NULL),
(826, '63', '470', 'MONTENEGRO', NULL, NULL),
(827, '63', '548', 'PIJAO', NULL, NULL),
(828, '63', '594', 'QUIMBAYA', NULL, NULL),
(829, '63', '690', 'SALENTO', NULL, NULL),
(830, '66', '001', 'PEREIRA', NULL, NULL),
(831, '66', '045', 'APIA', NULL, NULL),
(832, '66', '075', 'BALBOA', NULL, NULL),
(833, '66', '088', 'BELEN DE UMBRIA', NULL, NULL),
(834, '66', '170', 'DOSQUEBRADAS', NULL, NULL),
(835, '66', '318', 'GUATICA', NULL, NULL),
(836, '66', '383', 'LA CELIA', NULL, NULL),
(837, '66', '400', 'LA VIRGINIA', NULL, NULL),
(838, '66', '440', 'MARSELLA', NULL, NULL),
(839, '66', '456', 'MISTRATO', NULL, NULL),
(840, '66', '572', 'PUEBLO RICO', NULL, NULL),
(841, '66', '594', 'QUINCHIA', NULL, NULL),
(842, '66', '682', 'SANTA ROSA DE CABAL', NULL, NULL),
(843, '66', '687', 'SANTUARIO', NULL, NULL),
(844, '68', '001', 'BUCARAMANGA', NULL, NULL),
(845, '68', '013', 'AGUADA', NULL, NULL),
(846, '68', '020', 'ALBANIA', NULL, NULL),
(847, '68', '051', 'ARATOCA', NULL, NULL),
(848, '68', '077', 'BARBOSA', NULL, NULL),
(849, '68', '079', 'BARICHARA', NULL, NULL),
(850, '68', '081', 'BARRANCABERMEJA', NULL, NULL),
(851, '68', '092', 'BETULIA', NULL, NULL),
(852, '68', '101', 'BOLIVAR', NULL, NULL),
(853, '68', '121', 'CABRERA', NULL, NULL),
(854, '68', '132', 'CALIFORNIA', NULL, NULL),
(855, '68', '147', 'CAPITANEJO', NULL, NULL),
(856, '68', '152', 'CARCASI', NULL, NULL),
(857, '68', '160', 'CEPITA', NULL, NULL),
(858, '68', '162', 'CERRITO', NULL, NULL),
(859, '68', '167', 'CHARALA', NULL, NULL),
(860, '68', '169', 'CHARTA', NULL, NULL),
(861, '68', '176', 'CHIMA', NULL, NULL),
(862, '68', '179', 'CHIPATA', NULL, NULL),
(863, '68', '190', 'CIMITARRA', NULL, NULL),
(864, '68', '207', 'CONCEPCION', NULL, NULL),
(865, '68', '209', 'CONFINES', NULL, NULL),
(866, '68', '211', 'CONTRATACION', NULL, NULL),
(867, '68', '217', 'COROMORO', NULL, NULL),
(868, '68', '229', 'CURITI', NULL, NULL),
(869, '68', '235', 'EL CARMEN DE CHUCURI', NULL, NULL),
(870, '68', '245', 'EL GUACAMAYO', NULL, NULL),
(871, '68', '250', 'EL PEÑON', NULL, NULL),
(872, '68', '255', 'EL PLAYON', NULL, NULL),
(873, '68', '264', 'ENCINO', NULL, NULL),
(874, '68', '266', 'ENCISO', NULL, NULL),
(875, '68', '271', 'FLORIAN', NULL, NULL),
(876, '68', '276', 'FLORIDABLANCA', NULL, NULL),
(877, '68', '296', 'GALAN', NULL, NULL),
(878, '68', '298', 'GAMBITA', NULL, NULL),
(879, '68', '307', 'GIRON', NULL, NULL),
(880, '68', '318', 'GUACA', NULL, NULL),
(881, '68', '320', 'GUADALUPE', NULL, NULL),
(882, '68', '322', 'GUAPOTA', NULL, NULL),
(883, '68', '324', 'GUAVATA', NULL, NULL),
(884, '68', '327', 'GsEPSA', NULL, NULL),
(885, '68', '344', 'HATO', NULL, NULL),
(886, '68', '368', 'JESUS MARIA', NULL, NULL),
(887, '68', '370', 'JORDAN', NULL, NULL),
(888, '68', '377', 'LA BELLEZA', NULL, NULL),
(889, '68', '385', 'LANDAZURI', NULL, NULL),
(890, '68', '397', 'LA PAZ', NULL, NULL),
(891, '68', '406', 'LEBRIJA', NULL, NULL),
(892, '68', '418', 'LOS SANTOS', NULL, NULL),
(893, '68', '425', 'MACARAVITA', NULL, NULL),
(894, '68', '432', 'MALAGA', NULL, NULL),
(895, '68', '444', 'MATANZA', NULL, NULL),
(896, '68', '464', 'MOGOTES', NULL, NULL),
(897, '68', '468', 'MOLAGAVITA', NULL, NULL),
(898, '68', '498', 'OCAMONTE', NULL, NULL),
(899, '68', '500', 'OIBA', NULL, NULL),
(900, '68', '502', 'ONZAGA', NULL, NULL),
(901, '68', '522', 'PALMAR', NULL, NULL),
(902, '68', '524', 'PALMAS DEL SOCORRO', NULL, NULL),
(903, '68', '533', 'PARAMO', NULL, NULL),
(904, '68', '547', 'PIEDECUESTA', NULL, NULL),
(905, '68', '549', 'PINCHOTE', NULL, NULL),
(906, '68', '572', 'PUENTE NACIONAL', NULL, NULL),
(907, '68', '573', 'PUERTO PARRA', NULL, NULL),
(908, '68', '575', 'PUERTO WILCHES', NULL, NULL),
(909, '68', '615', 'RIONEGRO', NULL, NULL),
(910, '68', '655', 'SABANA DE TORRES', NULL, NULL),
(911, '68', '669', 'SAN ANDRES', NULL, NULL),
(912, '68', '673', 'SAN BENITO', NULL, NULL),
(913, '68', '679', 'SAN GIL', NULL, NULL),
(914, '68', '682', 'SAN JOAQUIN', NULL, NULL),
(915, '68', '684', 'SAN JOSE DE MIRANDA', NULL, NULL),
(916, '68', '686', 'SAN MIGUEL', NULL, NULL),
(917, '68', '689', 'SAN VICENTE DE CHUCURI', NULL, NULL),
(918, '68', '705 ', 'SANTA BARBARA', NULL, NULL),
(919, '68', '720', 'SANTA HELENA DEL OPON', NULL, NULL),
(920, '68', '745', 'SIMACOTA', NULL, NULL),
(921, '68', '755', 'SOCORRO', NULL, NULL),
(922, '68', '770', 'SUAITA', NULL, NULL),
(923, '68', '773', 'SUCRE', NULL, NULL),
(924, '68', '780', 'SURATA', NULL, NULL),
(925, '68', '820', 'TONA', NULL, NULL),
(926, '68', '855', 'VALLE DE SAN JOSE', NULL, NULL),
(927, '68', '861', 'VELEZ', NULL, NULL),
(928, '68', '867', 'VETAS', NULL, NULL),
(929, '68', '872', 'VILLANUEVA', NULL, NULL),
(930, '68', '895', 'ZAPATOCA', NULL, NULL),
(931, '70', '001', 'SINCELEJO', NULL, NULL),
(932, '70', '110', 'BUENAVISTA', NULL, NULL),
(933, '70', '124', 'CAIMITO', NULL, NULL),
(934, '70', '204', 'COLOSO', NULL, NULL),
(935, '70', '215', 'COROZAL', NULL, NULL),
(936, '70', '221', 'COVEÑAS', NULL, NULL),
(937, '70', '230', 'CHALAN', NULL, NULL),
(938, '70', '233', 'EL ROBLE', NULL, NULL),
(939, '70', '235', 'GALERAS', NULL, NULL),
(940, '70', '265', 'GUARANDA', NULL, NULL),
(941, '70', '400', 'LA UNION', NULL, NULL),
(942, '70', '418', 'LOS PALMITOS', NULL, NULL),
(943, '70', '429', 'MAJAGUAL', NULL, NULL),
(944, '70', '473', 'MORROA', NULL, NULL),
(945, '70', '508', 'OVEJAS', NULL, NULL),
(946, '70', '523', 'PALMITO', NULL, NULL),
(947, '70', '670', 'SAMPUES', NULL, NULL),
(948, '70', '678', 'SAN BENITO ABAD', NULL, NULL),
(949, '70', '702', 'SAN JUAN DE BETULIA', NULL, NULL),
(950, '70', '708', 'SAN MARCOS', NULL, NULL),
(951, '70', '713', 'SAN ONOFRE', NULL, NULL),
(952, '70', '717', 'SAN PEDRO', NULL, NULL),
(953, '70', '742', 'SAN LUIS DE SINCE', NULL, NULL),
(954, '70', '771', 'SUCRE', NULL, NULL),
(955, '70', '820', 'SANTIAGO DE TOLU', NULL, NULL),
(956, '70', '823', 'TOLU VIEJO', NULL, NULL),
(957, '73', '001', 'IBAGUE', NULL, NULL),
(958, '73', '024', 'ALPUJARRA', NULL, NULL),
(959, '73', '026', 'ALVARADO', NULL, NULL),
(960, '73', '030', 'AMBALEMA', NULL, NULL),
(961, '73', '043', 'ANZOATEGUI', NULL, NULL),
(962, '73', '055', 'ARMERO', NULL, NULL),
(963, '73', '067', 'ATACO', NULL, NULL),
(964, '73', '124', 'CAJAMARCA', NULL, NULL),
(965, '73', '148', 'CARMEN DE APICALA', NULL, NULL),
(966, '73', '152', 'CASABIANCA', NULL, NULL),
(967, '73', '168', 'CHAPARRAL', NULL, NULL),
(968, '73', '200', 'COELLO', NULL, NULL),
(969, '73', '217', 'COYAIMA', NULL, NULL),
(970, '73', '226', 'CUNDAY', NULL, NULL),
(971, '73', '236', 'DOLORES', NULL, NULL),
(972, '73', '268', 'ESPINAL', NULL, NULL),
(973, '73', '270', 'FALAN', NULL, NULL),
(974, '73', '275', 'FLANDES', NULL, NULL),
(975, '73', '283', 'FRESNO', NULL, NULL),
(976, '73', '319', 'GUAMO', NULL, NULL),
(977, '73', '347', 'HERVEO', NULL, NULL),
(978, '73', '349', 'HONDA', NULL, NULL),
(979, '73', '352', 'ICONONZO', NULL, NULL),
(980, '73', '408', 'LERIDA', NULL, NULL),
(981, '73', '411', 'LIBANO', NULL, NULL),
(982, '73', '443', 'MARIQUITA', NULL, NULL),
(983, '73', '449', 'MELGAR', NULL, NULL),
(984, '73', '461', 'MURILLO', NULL, NULL),
(985, '73', '483', 'NATAGAIMA', NULL, NULL),
(986, '73', '504', 'ORTEGA', NULL, NULL),
(987, '73', '520', 'PALOCABILDO', NULL, NULL),
(988, '73', '547', 'PIEDRAS', NULL, NULL),
(989, '73', '555', 'PLANADAS', NULL, NULL),
(990, '73', '563', 'PRADO', NULL, NULL),
(991, '73', '585', 'PURIFICACION', NULL, NULL),
(992, '73', '616', 'RIOBLANCO', NULL, NULL),
(993, '73', '622', 'RONCESVALLES', NULL, NULL),
(994, '73', '624', 'ROVIRA', NULL, NULL),
(995, '73', '671', 'SALDAÑA', NULL, NULL),
(996, '73', '675', 'SAN ANTONIO', NULL, NULL),
(997, '73', '678', 'SAN LUIS', NULL, NULL),
(998, '73', '686', 'SANTA ISABEL', NULL, NULL),
(999, '73', '770', 'SUAREZ', NULL, NULL),
(1000, '73', '854', 'VALLE DE SAN JUAN', NULL, NULL),
(1001, '73', '861', 'VENADILLO', NULL, NULL),
(1002, '73', '870', 'VILLAHERMOSA', NULL, NULL),
(1003, '73', '873', 'VILLARRICA', NULL, NULL),
(1004, '76', '001', 'CALI', NULL, NULL),
(1005, '76', '020', 'ALCALA', NULL, NULL),
(1006, '76', '036', 'ANDALUCIA', NULL, NULL),
(1007, '76', '041', 'ANSERMANUEVO', NULL, NULL),
(1008, '76', '054', 'ARGELIA', NULL, NULL),
(1009, '76', '100', 'BOLIVAR', NULL, NULL),
(1010, '76', '109', 'BUENAVENTURA', NULL, NULL),
(1011, '76', '111', 'GUADALAJARA DE BUGA', NULL, NULL),
(1012, '76', '113', 'BUGALAGRANDE', NULL, NULL),
(1013, '76', '122', 'CAICEDONIA', NULL, NULL),
(1014, '76', '126', 'CALIMA', NULL, NULL),
(1015, '76', '130', 'CANDELARIA', NULL, NULL),
(1016, '76', '147', 'CARTAGO', NULL, NULL),
(1017, '76', '233', 'DAGUA', NULL, NULL),
(1018, '76', '243', 'EL AGUILA', NULL, NULL),
(1019, '76', '246', 'EL CAIRO', NULL, NULL),
(1020, '76', '248', 'EL CERRITO', NULL, NULL),
(1021, '76', '250', 'EL DOVIO', NULL, NULL),
(1022, '76', '275', 'FLORIDA', NULL, NULL),
(1023, '76', '306', 'GINEBRA', NULL, NULL),
(1024, '76', '318', 'GUACARI', NULL, NULL),
(1025, '76', '364', 'JAMUNDI', NULL, NULL),
(1026, '76', '377', 'LA CUMBRE', NULL, NULL),
(1027, '76', '400', 'LA UNION', NULL, NULL),
(1028, '76', '403', 'LA VICTORIA', NULL, NULL),
(1029, '76', '497', 'OBANDO', NULL, NULL),
(1030, '76', '520', 'PALMIRA', NULL, NULL),
(1031, '76', '563', 'PRADERA', NULL, NULL),
(1032, '76', '606', 'RESTREPO', NULL, NULL),
(1033, '76', '616', 'RIOFRIO', NULL, NULL),
(1034, '76', '622', 'ROLDANILLO', NULL, NULL),
(1035, '76', '670', 'SAN PEDRO', NULL, NULL),
(1036, '76', '736', 'SEVILLA', NULL, NULL),
(1037, '76', '823', 'TORO', NULL, NULL),
(1038, '76', '828', 'TRUJILLO', NULL, NULL),
(1039, '76', '834', 'TULUA', NULL, NULL),
(1040, '76', '845', 'ULLOA', NULL, NULL),
(1041, '76', '863', 'VERSALLES', NULL, NULL),
(1042, '76', '869', 'VIJES', NULL, NULL),
(1043, '76', '890', 'YOTOCO', NULL, NULL),
(1044, '76', '892', 'YUMBO', NULL, NULL),
(1045, '76', '895', 'ZARZAL', NULL, NULL),
(1046, '81', '001', 'ARAUCA', NULL, NULL),
(1047, '81', '065', 'ARAUQUITA', NULL, NULL),
(1048, '81', '220', 'CRAVO NORTE', NULL, NULL),
(1049, '81', '300', 'FORTUL', NULL, NULL),
(1050, '81', '591', 'PUERTO RONDON', NULL, NULL),
(1051, '81', '736', 'SARAVENA', NULL, NULL),
(1052, '81', '794', 'TAME', NULL, NULL),
(1053, '85', '001', 'YOPAL', NULL, NULL),
(1054, '85', '010', 'AGUAZUL', NULL, NULL),
(1055, '85', '015', 'CHAMEZA', NULL, NULL),
(1056, '85', '125', 'HATO COROZAL', NULL, NULL),
(1057, '85', '136', 'LA SALINA', NULL, NULL),
(1058, '85', '139', 'MANI', NULL, NULL),
(1059, '85', '162', 'MONTERREY', NULL, NULL),
(1060, '85', '225', 'NUNCHIA', NULL, NULL),
(1061, '85', '230', 'OROCUE', NULL, NULL),
(1062, '85', '250', 'PAZ DE ARIPORO', NULL, NULL),
(1063, '85', '263', 'PORE', NULL, NULL),
(1064, '85', '279', 'RECETOR', NULL, NULL),
(1065, '85', '300', 'SABANALARGA', NULL, NULL),
(1066, '85', '315', 'SACAMA', NULL, NULL),
(1067, '85', '325', 'SAN LUIS DE PALENQUE', NULL, NULL),
(1068, '85', '400', 'TAMARA', NULL, NULL),
(1069, '85', '410', 'TAURAMENA', NULL, NULL),
(1070, '85', '430', 'TRINIDAD', NULL, NULL),
(1071, '85', '440', 'VILLANUEVA', NULL, NULL),
(1072, '86', '001', 'MOCOA', NULL, NULL),
(1073, '86', '219', 'COLON', NULL, NULL),
(1074, '86', '320', 'ORITO', NULL, NULL),
(1075, '86', '568', 'PUERTO ASIS', NULL, NULL),
(1076, '86', '569', 'PUERTO CAICEDO', NULL, NULL),
(1077, '86', '571', 'PUERTO GUZMAN', NULL, NULL),
(1078, '86', '573', 'LEGUIZAMO', NULL, NULL),
(1079, '86', '749', 'SIBUNDOY', NULL, NULL),
(1080, '86', '755', 'SAN FRANCISCO', NULL, NULL),
(1081, '86', '757', 'SAN MIGUEL', NULL, NULL),
(1082, '86', '760', 'SANTIAGO', NULL, NULL),
(1083, '86', '865', 'VALLE DEL GUAMUEZ', NULL, NULL),
(1084, '86', '885', 'VILLAGARZON', NULL, NULL),
(1085, '88', '001', 'SAN ANDRES', NULL, NULL),
(1086, '88', '564', 'PROVIDENCIA', NULL, NULL),
(1087, '91', '001', 'LETICIA', NULL, NULL),
(1088, '91', '263', 'EL ENCANTO', NULL, NULL),
(1089, '91', '405 ', 'LA CHORRERA', NULL, NULL),
(1090, '91', '407', 'LA PEDRERA', NULL, NULL),
(1091, '91', '430', 'LA VICTORIA', NULL, NULL),
(1092, '91', '460', 'MIRITI - PARANA', NULL, NULL),
(1093, '91', '530', 'PUERTO ALEGRIA', NULL, NULL),
(1094, '91', '536', 'PUERTO ARICA', NULL, NULL),
(1095, '91', '540', 'PUERTO NARIÑO', NULL, NULL),
(1096, '91', '669', 'PUERTO SANTANDER', NULL, NULL),
(1097, '91', '798', 'TARAPACA', NULL, NULL),
(1098, '94', '001', 'INIRIDA', NULL, NULL),
(1099, '94', '343', 'BARRANCO MINAS', NULL, NULL),
(1100, '94', '663', 'MAPIRIPANA', NULL, NULL),
(1101, '94', '883', 'SAN FELIPE', NULL, NULL),
(1102, '94', '884', 'PUERTO COLOMBIA', NULL, NULL),
(1103, '94', '885', 'LA GUADALUPE', NULL, NULL),
(1104, '94', '886', 'CACAHUAL', NULL, NULL),
(1105, '94', '887', 'PANA PANA', NULL, NULL),
(1106, '94', '888', 'MORICHAL', NULL, NULL),
(1107, '95', '001', 'SAN JOSE DEL GUAVIARE', NULL, NULL),
(1108, '95', '015', 'CALAMAR', NULL, NULL),
(1109, '95', '025', 'EL RETORNO', NULL, NULL),
(1110, '95', '200', 'MIRAFLORES', NULL, NULL),
(1111, '97', '001', 'MITU', NULL, NULL),
(1112, '97', '161', 'CARURU', NULL, NULL),
(1113, '97', '511', 'PACOA', NULL, NULL),
(1114, '97', '666', 'TARAIRA', NULL, NULL),
(1115, '97', '777', 'PAPUNAUA', NULL, NULL),
(1116, '97', '889', 'YAVARATE', NULL, NULL),
(1117, '99', '001', 'PUERTO CARREÑO', NULL, NULL),
(1118, '99', '524', 'LA PRIMAVERA', NULL, NULL),
(1119, '99', '624', 'SANTA ROSALIA', NULL, NULL),
(1120, '99', '773', 'CUMARIBO', NULL, NULL),
(1121, '23', '182', 'Chinú', NULL, NULL),
(1122, '23', '660', 'Sahagún', NULL, NULL),
(1123, '23', '670', 'San Andrés Sotavento', NULL, NULL),
(1124, '23', '068', 'Ayapel', NULL, NULL),
(1125, '23', '079', 'Buenavista', NULL, NULL),
(1126, '23', '350', 'La Apartada', NULL, NULL),
(1127, '23', '466', 'Montelíbano', NULL, NULL),
(1128, '23', '555', 'Planeta Rica', NULL, NULL),
(1129, '23', '570', 'Pueblo Nuevo', NULL, NULL),
(1130, '23', '162', 'Puerto Libertador', NULL, NULL),
(1131, '23', '162', 'Cereté', NULL, NULL),
(1132, '23', '189', 'Ciénaga De Oro', NULL, NULL),
(1133, '23', '678', 'San Carlos', NULL, NULL),
(1134, '23', '686', 'San Pelayo', NULL, NULL);

-- --------------------------------------------------------

--
-- Estructura de tabla para la tabla `customers`
--

CREATE TABLE `customers` (
  `id` int(10) UNSIGNED NOT NULL,
  `email` varchar(125) COLLATE utf8mb4_unicode_ci DEFAULT NULL,
  `phone` varchar(125) COLLATE utf8mb4_unicode_ci DEFAULT NULL,
  `type` varchar(125) COLLATE utf8mb4_unicode_ci DEFAULT NULL,
  `identification` int(11) DEFAULT NULL,
  `identification_type` varchar(125) COLLATE utf8mb4_unicode_ci DEFAULT NULL,
  `regimen` varchar(125) COLLATE utf8mb4_unicode_ci DEFAULT NULL,
  `address_line` varchar(125) COLLATE utf8mb4_unicode_ci DEFAULT NULL,
  `first_name` varchar(125) COLLATE utf8mb4_unicode_ci DEFAULT NULL,
  `last_name` varchar(125) COLLATE utf8mb4_unicode_ci DEFAULT NULL,
  `company_name` varchar(125) COLLATE utf8mb4_unicode_ci DEFAULT NULL,
  `departament_id` int(11) DEFAULT NULL,
  `city_id` int(11) DEFAULT NULL,
  `user_id` int(11) DEFAULT NULL,
  `created_at` timestamp NULL DEFAULT NULL,
  `updated_at` timestamp NULL DEFAULT NULL
) ENGINE=MyISAM DEFAULT CHARSET=utf8mb4 COLLATE=utf8mb4_unicode_ci;

--
-- Volcado de datos para la tabla `customers`
--

INSERT INTO `customers` (`id`, `email`, `phone`, `type`, `identification`, `identification_type`, `regimen`, `address_line`, `first_name`, `last_name`, `company_name`, `departament_id`, `city_id`, `user_id`, `created_at`, `updated_at`) VALUES
(1, 'yeferson1115@gmail.com', '3197667268', 'PERSONA_JURIDICA', 1035424875, 'CC', 'ORDINARIO', 'Cr 47 # 51 57', 'Yeferson Stiven', 'Sossa Monsalve', NULL, 2, 2, NULL, '2022-01-05 00:46:37', '2022-06-15 15:56:08'),
(2, 'yefrey@hotmail.com', '3197667268', 'PERSONA_NATURAL', 1128483151, 'CC', NULL, 'Cr 47', 'Carol', 'Pineda', NULL, 2, 1, 7, '2022-07-12 14:26:29', '2022-07-12 14:26:29');

-- --------------------------------------------------------

--
-- Estructura de tabla para la tabla `departaments`
--

CREATE TABLE `departaments` (
  `id` int(10) UNSIGNED NOT NULL,
  `code` varchar(125) COLLATE utf8mb4_unicode_ci NOT NULL,
  `name` varchar(125) COLLATE utf8mb4_unicode_ci NOT NULL,
  `created_at` timestamp NULL DEFAULT NULL,
  `updated_at` timestamp NULL DEFAULT NULL
) ENGINE=MyISAM DEFAULT CHARSET=utf8mb4 COLLATE=utf8mb4_unicode_ci;

--
-- Volcado de datos para la tabla `departaments`
--

INSERT INTO `departaments` (`id`, `code`, `name`, `created_at`, `updated_at`) VALUES
(1, '91', 'Amazonas', NULL, NULL),
(2, '05', 'Antioquia', NULL, NULL),
(3, '81', 'Arauca', NULL, NULL),
(4, '08', 'Atlántico', NULL, NULL),
(5, '11', 'Bogotá D.C', NULL, NULL),
(6, '13', 'Bolívar', NULL, NULL),
(7, '15', 'Boyacá', NULL, NULL),
(8, '17', 'Caldas', NULL, NULL),
(9, '18', 'Caquetá ', NULL, NULL),
(10, '85', 'Casanare', NULL, NULL),
(12, '20', 'Cesar', NULL, NULL),
(13, '27', 'Chocó', NULL, NULL),
(14, '23', 'Córdoba', NULL, NULL),
(15, '25', 'Cundinamarca', NULL, NULL),
(16, '94', 'Guainía', NULL, NULL),
(17, '95', 'Guaviare', NULL, NULL),
(18, '41', 'Huila', NULL, NULL),
(19, '44', 'La Guajira', NULL, NULL),
(20, '47', 'Magdalena', NULL, NULL),
(21, '50', 'Meta', NULL, NULL),
(22, '54', 'Norte de Santander', NULL, NULL),
(23, '86', 'Putumayo', NULL, NULL),
(24, '63', 'Quindío', NULL, NULL),
(25, '66', 'Risaralda', NULL, NULL),
(26, '88', 'San Andrés', NULL, NULL),
(27, '68', 'Santander', NULL, NULL),
(28, '70', 'Sucre', NULL, NULL),
(29, '73', 'Tolima', NULL, NULL),
(30, '76', 'Valle del Cauca', NULL, NULL),
(31, '97', 'Vaupés', NULL, NULL),
(32, '99', 'Vichada', NULL, NULL),
(11, '19', 'Cauca', NULL, NULL);

-- --------------------------------------------------------

--
-- Estructura de tabla para la tabla `failed_jobs`
--

CREATE TABLE `failed_jobs` (
  `id` bigint(20) UNSIGNED NOT NULL,
  `connection` text COLLATE utf8mb4_unicode_ci NOT NULL,
  `queue` text COLLATE utf8mb4_unicode_ci NOT NULL,
  `payload` longtext COLLATE utf8mb4_unicode_ci NOT NULL,
  `exception` longtext COLLATE utf8mb4_unicode_ci NOT NULL,
  `failed_at` timestamp NOT NULL DEFAULT current_timestamp()
) ENGINE=MyISAM DEFAULT CHARSET=utf8mb4 COLLATE=utf8mb4_unicode_ci;

-- --------------------------------------------------------

--
-- Estructura de tabla para la tabla `logins`
--

CREATE TABLE `logins` (
  `id` int(10) UNSIGNED NOT NULL,
  `user_id` bigint(20) UNSIGNED NOT NULL,
  `user_agent` varchar(500) COLLATE utf8mb4_unicode_ci NOT NULL,
  `session_token` varchar(40) COLLATE utf8mb4_unicode_ci NOT NULL,
  `ip_address` varchar(40) COLLATE utf8mb4_unicode_ci NOT NULL,
  `login_at` timestamp NOT NULL DEFAULT current_timestamp(),
  `logout_at` datetime DEFAULT NULL,
  `deleted_at` timestamp NULL DEFAULT NULL,
  `created_at` timestamp NULL DEFAULT NULL,
  `updated_at` timestamp NULL DEFAULT NULL
) ENGINE=MyISAM DEFAULT CHARSET=utf8mb4 COLLATE=utf8mb4_unicode_ci;

--
-- Volcado de datos para la tabla `logins`
--

INSERT INTO `logins` (`id`, `user_id`, `user_agent`, `session_token`, `ip_address`, `login_at`, `logout_at`, `deleted_at`, `created_at`, `updated_at`) VALUES
(1, 1, 'Mozilla/5.0 (Windows NT 10.0; Win64; x64) AppleWebKit/537.36 (KHTML, like Gecko) Chrome/106.0.0.0 Safari/537.36', 'YBK2cIbYl1OTzLknJe7dQfqWeup21iUvBrW8wL7S', '127.0.0.1', '2022-10-14 17:08:54', '2022-10-14 12:11:14', NULL, '2022-10-14 17:08:54', '2022-10-14 17:11:14'),
(2, 1, 'Mozilla/5.0 (Windows NT 10.0; Win64; x64) AppleWebKit/537.36 (KHTML, like Gecko) Chrome/106.0.0.0 Safari/537.36', 'drmpsERVwozQ09V30SRZxiDPxGUjeFcAJPnh7y7X', '127.0.0.1', '2022-10-19 21:25:38', NULL, NULL, '2022-10-19 21:25:38', '2022-10-19 21:25:38'),
(3, 1, 'Mozilla/5.0 (Windows NT 10.0; Win64; x64) AppleWebKit/537.36 (KHTML, like Gecko) Chrome/107.0.0.0 Safari/537.36', 'TYeWlXUPou3uLv9zwEJNJzCxVxk8v011SvJbdLVS', '127.0.0.1', '2022-11-10 13:03:08', NULL, NULL, '2022-11-10 13:03:08', '2022-11-10 13:03:08'),
(4, 1, 'Mozilla/5.0 (Windows NT 10.0; Win64; x64) AppleWebKit/537.36 (KHTML, like Gecko) Chrome/107.0.0.0 Safari/537.36', 'CMmVUXyPR4VzDMrh8r4HI0Y8MhyQVwMMvtdseAAu', '190.248.162.230', '2022-11-10 14:12:12', NULL, NULL, '2022-11-10 14:12:12', '2022-11-10 14:12:12'),
(5, 1, 'Mozilla/5.0 (Windows NT 10.0; Win64; x64) AppleWebKit/537.36 (KHTML, like Gecko) Chrome/106.0.0.0 Safari/537.36', 'S1FWC20qB2nfWfvwF4Naac8RF4esRJUMKy0sergm', '181.205.31.210', '2022-11-10 14:25:48', NULL, NULL, '2022-11-10 14:25:48', '2022-11-10 14:25:48'),
(6, 1, 'Mozilla/5.0 (Windows NT 10.0; Win64; x64) AppleWebKit/537.36 (KHTML, like Gecko) Chrome/106.0.0.0 Safari/537.36', 'qlia2nQEEKsLiBg24TJmeL7bdzGXK9a7n5Ss6Moz', '181.205.31.210', '2022-11-10 18:53:34', '2022-11-10 15:12:38', NULL, '2022-11-10 18:53:34', '2022-11-10 20:12:38'),
(7, 1, 'Mozilla/5.0 (Windows NT 10.0; Win64; x64) AppleWebKit/537.36 (KHTML, like Gecko) Chrome/106.0.0.0 Safari/537.36', 'Tt4Nlp5BylekwiMMrdlQg42driVr9FIebDUONLqC', '181.205.31.210', '2022-11-10 20:12:57', '2022-11-10 15:14:00', NULL, '2022-11-10 20:12:57', '2022-11-10 20:14:00'),
(8, 4, 'Mozilla/5.0 (Windows NT 10.0; Win64; x64) AppleWebKit/537.36 (KHTML, like Gecko) Chrome/106.0.0.0 Safari/537.36', 'ArcroaIFTqczpWK0c93yQ4PSly6FuH9hd57s8tv6', '181.205.31.210', '2022-11-10 20:14:21', '2022-11-10 15:22:21', NULL, '2022-11-10 20:14:21', '2022-11-10 20:22:21'),
(9, 1, 'Mozilla/5.0 (Windows NT 10.0; Win64; x64) AppleWebKit/537.36 (KHTML, like Gecko) Chrome/106.0.0.0 Safari/537.36', 'xArB1wC5t9P0hRu3ttBiMVvvwguZ1oC6A4GVlNps', '181.205.31.210', '2022-11-10 20:22:33', '2022-11-10 15:23:34', NULL, '2022-11-10 20:22:33', '2022-11-10 20:23:34'),
(10, 4, 'Mozilla/5.0 (Windows NT 10.0; Win64; x64) AppleWebKit/537.36 (KHTML, like Gecko) Chrome/106.0.0.0 Safari/537.36', '9MBMPMosdWlJjygUxiUlAidRGD9Y5n053NKDHQb2', '181.205.31.210', '2022-11-10 20:23:50', '2022-11-10 16:06:45', NULL, '2022-11-10 20:23:50', '2022-11-10 21:06:45'),
(11, 1, 'Mozilla/5.0 (Windows NT 10.0; Win64; x64) AppleWebKit/537.36 (KHTML, like Gecko) Chrome/106.0.0.0 Safari/537.36', 'brSk8vZz9Ho03tlvsumHukolo8WGmfulnSRMN7le', '181.205.31.210', '2022-11-10 21:06:57', NULL, NULL, '2022-11-10 21:06:57', '2022-11-10 21:06:57'),
(12, 1, 'Mozilla/5.0 (Windows NT 10.0; Win64; x64; rv:106.0) Gecko/20100101 Firefox/106.0', 'BfSUQfvpBEEVGQgdtZO3FbchizeWPDaJS1BoJqA7', '190.69.157.209', '2022-11-10 21:08:52', NULL, NULL, '2022-11-10 21:08:52', '2022-11-10 21:08:52'),
(13, 4, 'Mozilla/5.0 (Windows NT 10.0; Win64; x64) AppleWebKit/537.36 (KHTML, like Gecko) Chrome/106.0.0.0 Safari/537.36', '8hrUqd1dwpcPw28LcHi98jaWozPmAt9MQ1NEXQRv', '190.251.66.108', '2022-11-11 14:12:25', NULL, NULL, '2022-11-11 14:12:25', '2022-11-11 14:12:25'),
(14, 1, 'Mozilla/5.0 (Windows NT 10.0; Win64; x64) AppleWebKit/537.36 (KHTML, like Gecko) Chrome/106.0.0.0 Safari/537.36', 'vtnlYAuZICO8kptn1gE7DNaNQrFTXcU8tLmdBYVX', '181.205.31.210', '2022-11-14 23:38:59', NULL, NULL, '2022-11-14 23:38:59', '2022-11-14 23:38:59'),
(15, 1, 'Mozilla/5.0 (Windows NT 10.0; Win64; x64) AppleWebKit/537.36 (KHTML, like Gecko) Chrome/107.0.0.0 Safari/537.36', 'dKNrDVdRvyuObfl9gOePqRHLTMyYIbZA1rPGvdsR', '190.248.162.230', '2022-11-16 13:10:15', NULL, NULL, '2022-11-16 13:10:15', '2022-11-16 13:10:15'),
(16, 1, 'Mozilla/5.0 (Windows NT 10.0; Win64; x64) AppleWebKit/537.36 (KHTML, like Gecko) Chrome/107.0.0.0 Safari/537.36', 'pJzkb6egegq7UzbtUtmPcRdzak0GhrFJG95Ak9Gs', '190.248.162.230', '2022-11-16 14:18:28', NULL, NULL, '2022-11-16 14:18:28', '2022-11-16 14:18:28'),
(17, 1, 'Mozilla/5.0 (Windows NT 10.0; Win64; x64) AppleWebKit/537.36 (KHTML, like Gecko) Chrome/106.0.0.0 Safari/537.36', 'JqCGB0JWqnHngvOdBAqQbRacSlziF9NixhRxGskK', '181.205.31.210', '2022-11-16 15:41:32', NULL, NULL, '2022-11-16 15:41:32', '2022-11-16 15:41:32'),
(18, 1, 'Mozilla/5.0 (Windows NT 10.0; Win64; x64) AppleWebKit/537.36 (KHTML, like Gecko) Chrome/106.0.0.0 Safari/537.36', 'PPvw3lA9a1BWpAZ49VR4aJZ4U5vNKT6Fm7gFr6fx', '191.156.36.81', '2022-11-17 00:37:21', NULL, NULL, '2022-11-17 00:37:21', '2022-11-17 00:37:21'),
(19, 1, 'Mozilla/5.0 (Windows NT 10.0; Win64; x64) AppleWebKit/537.36 (KHTML, like Gecko) Chrome/106.0.0.0 Safari/537.36', '60U32an4Q51AicRKcFKjVMbL3eUepHDHc4xMiHg3', '181.205.31.210', '2022-11-21 23:07:24', NULL, NULL, '2022-11-21 23:07:24', '2022-11-21 23:07:24'),
(20, 1, 'Mozilla/5.0 (iPhone; CPU iPhone OS 15_6_1 like Mac OS X) AppleWebKit/605.1.15 (KHTML, like Gecko) Version/15.6.1 Mobile/15E148 Safari/604.1', '8MfLfFSGvGetlvFfgi6wJw9dmgdJwKu0M07tYvJT', '190.251.66.108', '2022-11-24 03:46:06', '2022-11-23 22:49:01', NULL, '2022-11-24 03:46:06', '2022-11-24 03:49:01'),
(21, 1, 'Mozilla/5.0 (Windows NT 10.0; Win64; x64) AppleWebKit/537.36 (KHTML, like Gecko) Chrome/107.0.0.0 Safari/537.36', '4MP34rspziLPLow4cSzVrjcnsYABKVukSyhlm0ea', '181.205.31.210', '2022-11-24 19:39:37', '2022-11-24 15:23:18', NULL, '2022-11-24 19:39:37', '2022-11-24 20:23:18');

-- --------------------------------------------------------

--
-- Estructura de tabla para la tabla `log_sistemas`
--

CREATE TABLE `log_sistemas` (
  `id` int(10) UNSIGNED NOT NULL,
  `user_id` bigint(20) UNSIGNED NOT NULL,
  `tx_descripcion` longtext COLLATE utf8mb4_unicode_ci NOT NULL,
  `deleted_at` timestamp NULL DEFAULT NULL,
  `created_at` timestamp NULL DEFAULT NULL,
  `updated_at` timestamp NULL DEFAULT NULL
) ENGINE=MyISAM DEFAULT CHARSET=utf8mb4 COLLATE=utf8mb4_unicode_ci;

--
-- Volcado de datos para la tabla `log_sistemas`
--

INSERT INTO `log_sistemas` (`id`, `user_id`, `tx_descripcion`, `deleted_at`, `created_at`, `updated_at`) VALUES
(1, 1, 'El usuario: Admin Administrador Ha ingresado al home del sistema a las: 12:10:08 del día: 14/10/2022', NULL, '2022-10-14 17:08:54', '2022-10-14 17:08:54'),
(2, 1, 'El usuario: Admin Administrador Ha ingresado a ver los servicios: 12:10:08 del día: 14/10/2022', NULL, '2022-10-14 17:08:59', '2022-10-14 17:08:59'),
(3, 1, 'El usuario: Admin Administrador Ha ingresado a ver los productos: 12:10:09 del día: 14/10/2022', NULL, '2022-10-14 17:09:33', '2022-10-14 17:09:33'),
(4, 1, 'El usuario: Admin Administrador Ha ingresado a editar los datos del producto: Caja de flores a las: 12:10:09 del día: 14/10/2022', NULL, '2022-10-14 17:09:36', '2022-10-14 17:09:36'),
(5, 1, 'El usuario: Admin Administrador Ha ingresado a ver los servicios: 12:10:10 del día: 14/10/2022', NULL, '2022-10-14 17:10:16', '2022-10-14 17:10:16'),
(6, 1, 'El usuario: Admin Administrador Ha ingresado a editar los datos de la categoría:  a las: 12:10:10 del día: 14/10/2022', NULL, '2022-10-14 17:10:19', '2022-10-14 17:10:19'),
(7, 1, 'El usuario: Admin Administrador Ha ingresado a ver los productos: 12:10:10 del día: 14/10/2022', NULL, '2022-10-14 17:10:48', '2022-10-14 17:10:48'),
(8, 1, 'El usuario: Admin Administrador Ha ingresado a ver los servicios: 12:10:11 del día: 14/10/2022', NULL, '2022-10-14 17:11:00', '2022-10-14 17:11:00'),
(9, 1, 'El usuario: Admin Administrador Ha ingresado a ver los productos: 12:10:11 del día: 14/10/2022', NULL, '2022-10-14 17:11:09', '2022-10-14 17:11:09'),
(10, 1, 'El usuario: Admin Administrador Ha ingresado al home del sistema a las: 16:10:25 del día: 19/10/2022', NULL, '2022-10-19 21:25:39', '2022-10-19 21:25:39'),
(11, 1, 'El usuario: Admin Administrador Ha ingresado al home del sistema a las: 08:11:03 del día: 10/11/2022', NULL, '2022-11-10 13:03:08', '2022-11-10 13:03:08'),
(12, 1, 'El usuario: Admin Administrador Ha ingresado al home del sistema a las: 08:11:06 del día: 10/11/2022', NULL, '2022-11-10 13:06:02', '2022-11-10 13:06:02'),
(13, 1, 'El usuario: Admin Administrador Ha ingresado a ver los permisos del Role: Administrador a las: 08:11:06 del día: 10/11/2022', NULL, '2022-11-10 13:06:09', '2022-11-10 13:06:09'),
(14, 1, 'El usuario: Admin Administrador Ha modificado los permisos del Role: Administrador a las: 08:11:06 del día: 10/11/2022', NULL, '2022-11-10 13:06:18', '2022-11-10 13:06:18'),
(15, 1, 'El usuario: Admin Administrador Ha ingresado a ver los permisos del Role: Administrador a las: 08:11:06 del día: 10/11/2022', NULL, '2022-11-10 13:06:19', '2022-11-10 13:06:19'),
(16, 1, 'El usuario: Admin Administrador Ha ingresado a ver los permisos del Role: Comercio a las: 08:11:06 del día: 10/11/2022', NULL, '2022-11-10 13:06:25', '2022-11-10 13:06:25'),
(17, 1, 'El usuario: Admin Administrador Ha modificado los permisos del Role: Comercio a las: 08:11:06 del día: 10/11/2022', NULL, '2022-11-10 13:06:52', '2022-11-10 13:06:52'),
(18, 1, 'El usuario: Admin Administrador Ha ingresado a ver los permisos del Role: Comercio a las: 08:11:07 del día: 10/11/2022', NULL, '2022-11-10 13:07:00', '2022-11-10 13:07:00'),
(19, 1, 'El usuario: Admin Administrador Ha ingresado a ver los permisos del Role: Comercio a las: 08:11:08 del día: 10/11/2022', NULL, '2022-11-10 13:08:02', '2022-11-10 13:08:02'),
(20, 1, 'El usuario: Admin Administrador Ha ingresado a ver los permisos del Role: Comercio a las: 08:11:09 del día: 10/11/2022', NULL, '2022-11-10 13:09:09', '2022-11-10 13:09:09'),
(21, 1, 'El usuario: Admin Administrador Ha ingresado a ver los servicios: 08:11:09 del día: 10/11/2022', NULL, '2022-11-10 13:09:56', '2022-11-10 13:09:56'),
(22, 1, 'El usuario: Admin Administrador Ha ingresado a ver los servicios: 08:11:11 del día: 10/11/2022', NULL, '2022-11-10 13:11:07', '2022-11-10 13:11:07'),
(23, 1, 'El usuario: Admin Administrador Ha ingresado a ver los productos: 08:11:16 del día: 10/11/2022', NULL, '2022-11-10 13:16:19', '2022-11-10 13:16:19'),
(24, 1, 'El usuario: Admin Administrador Ha ingresado a ver los productos: 08:11:17 del día: 10/11/2022', NULL, '2022-11-10 13:17:10', '2022-11-10 13:17:10'),
(25, 1, 'El usuario: Admin Administrador Ha ingresado a ver los productos: 08:11:18 del día: 10/11/2022', NULL, '2022-11-10 13:18:19', '2022-11-10 13:18:19'),
(26, 1, 'El usuario: Admin Administrador Ha ingresado a ver los productos: 08:11:22 del día: 10/11/2022', NULL, '2022-11-10 13:22:34', '2022-11-10 13:22:34'),
(27, 1, 'El usuario: Admin Administrador Ha ingresado a editar los datos de la cotizacion: 3 a las: 08:11:26 del día: 10/11/2022', NULL, '2022-11-10 13:26:35', '2022-11-10 13:26:35'),
(28, 1, 'El usuario: Admin Administrador Ha ingresado a editar los datos de la cotizacion: 3 a las: 08:11:37 del día: 10/11/2022', NULL, '2022-11-10 13:37:35', '2022-11-10 13:37:35'),
(29, 1, 'El usuario: Admin Administrador Ha ingresado a editar los datos de la cotizacion: 3 a las: 08:11:38 del día: 10/11/2022', NULL, '2022-11-10 13:38:41', '2022-11-10 13:38:41'),
(30, 1, 'El usuario: Admin Administrador Ha ingresado a editar los datos de la cotizacion: 3 a las: 08:11:39 del día: 10/11/2022', NULL, '2022-11-10 13:39:43', '2022-11-10 13:39:43'),
(31, 1, 'El usuario: Admin Administrador Ha ingresado a editar los datos de la cotizacion: 3 a las: 08:11:44 del día: 10/11/2022', NULL, '2022-11-10 13:44:12', '2022-11-10 13:44:12'),
(32, 1, 'El usuario: Admin Administrador Ha ingresado a editar los datos de la cotizacion: 3 a las: 08:11:48 del día: 10/11/2022', NULL, '2022-11-10 13:48:34', '2022-11-10 13:48:34'),
(33, 1, 'El usuario: Admin Administrador Ha ingresado a ver las cotizaciones: 08:11:48 del día: 10/11/2022', NULL, '2022-11-10 13:48:52', '2022-11-10 13:48:52'),
(34, 1, 'El usuario: Admin Administrador Ha ingresado a editar los datos de la cotizacion: 3 a las: 08:11:49 del día: 10/11/2022', NULL, '2022-11-10 13:49:21', '2022-11-10 13:49:21'),
(35, 1, 'El usuario: Admin Administrador Ha ingresado a ver las cotizaciones: 08:11:49 del día: 10/11/2022', NULL, '2022-11-10 13:49:38', '2022-11-10 13:49:38'),
(36, 1, 'El usuario: Admin Administrador Ha ingresado a ver las cotizaciones: 08:11:51 del día: 10/11/2022', NULL, '2022-11-10 13:51:47', '2022-11-10 13:51:47'),
(37, 1, 'El usuario: Admin Administrador Ha ingresado a ver las cotizaciones: 08:11:52 del día: 10/11/2022', NULL, '2022-11-10 13:52:05', '2022-11-10 13:52:05'),
(38, 1, 'El usuario: Admin Administrador Ha ingresado a ver las cotizaciones: 08:11:53 del día: 10/11/2022', NULL, '2022-11-10 13:53:04', '2022-11-10 13:53:04'),
(39, 1, 'El usuario: Admin Administrador Ha ingresado a ver las cotizaciones: 08:11:53 del día: 10/11/2022', NULL, '2022-11-10 13:53:18', '2022-11-10 13:53:18'),
(40, 1, 'El usuario: Admin Administrador Ha ingresado a ver las cotizaciones: 08:11:55 del día: 10/11/2022', NULL, '2022-11-10 13:55:22', '2022-11-10 13:55:22'),
(41, 1, 'El usuario: Admin Administrador Ha ingresado a ver las cotizaciones: 08:11:55 del día: 10/11/2022', NULL, '2022-11-10 13:55:58', '2022-11-10 13:55:58'),
(42, 1, 'El usuario: Admin Administrador Ha ingresado a ver las cotizaciones: 08:11:56 del día: 10/11/2022', NULL, '2022-11-10 13:56:15', '2022-11-10 13:56:15'),
(43, 1, 'El usuario: Admin Administrador Ha ingresado a ver las cotizaciones: 08:11:57 del día: 10/11/2022', NULL, '2022-11-10 13:57:04', '2022-11-10 13:57:04'),
(44, 1, 'El usuario: Admin Administrador Ha ingresado al home del sistema a las: 09:11:12 del día: 10/11/2022', NULL, '2022-11-10 14:12:12', '2022-11-10 14:12:12'),
(45, 1, 'El usuario: Admin Administrador Ha ingresado a ver las cotizaciones: 09:11:12 del día: 10/11/2022', NULL, '2022-11-10 14:12:19', '2022-11-10 14:12:19'),
(46, 1, 'El usuario: Admin Administrador Ha ingresado al home del sistema a las: 09:11:25 del día: 10/11/2022', NULL, '2022-11-10 14:25:48', '2022-11-10 14:25:48'),
(47, 1, 'El usuario: Admin Administrador Ha ingresado a ver las cotizaciones: 09:11:25 del día: 10/11/2022', NULL, '2022-11-10 14:25:51', '2022-11-10 14:25:51'),
(48, 1, 'El usuario: Admin Administrador Ha ingresado a editar los datos de la cotizacion: 3 a las: 09:11:26 del día: 10/11/2022', NULL, '2022-11-10 14:26:00', '2022-11-10 14:26:00'),
(49, 1, 'El usuario: Admin Administrador Ha ingresado a ver las cotizaciones: 09:11:27 del día: 10/11/2022', NULL, '2022-11-10 14:27:01', '2022-11-10 14:27:01'),
(50, 1, 'El usuario: Admin Administrador Ha ingresado a ver las cotizaciones: 09:11:45 del día: 10/11/2022', NULL, '2022-11-10 14:45:12', '2022-11-10 14:45:12'),
(51, 1, 'El usuario: Admin Administrador Ha ingresado a ver las cotizaciones: 09:11:47 del día: 10/11/2022', NULL, '2022-11-10 14:47:32', '2022-11-10 14:47:32'),
(52, 1, 'El usuario: Admin Administrador Ha ingresado a editar los datos de la cotizacion: 4 a las: 09:11:47 del día: 10/11/2022', NULL, '2022-11-10 14:47:37', '2022-11-10 14:47:37'),
(53, 1, 'El usuario: Admin Administrador Ha ingresado a ver las cotizaciones: 09:11:47 del día: 10/11/2022', NULL, '2022-11-10 14:47:50', '2022-11-10 14:47:50'),
(54, 1, 'El usuario: Admin Administrador Ha ingresado a ver las cotizaciones: 11:11:38 del día: 10/11/2022', NULL, '2022-11-10 16:38:21', '2022-11-10 16:38:21'),
(55, 1, 'El usuario: Admin Administrador Ha ingresado a editar los datos de la cotizacion: 4 a las: 11:11:38 del día: 10/11/2022', NULL, '2022-11-10 16:38:57', '2022-11-10 16:38:57'),
(56, 1, 'El usuario: Admin Administrador Ha ingresado a ver las cotizaciones: 11:11:39 del día: 10/11/2022', NULL, '2022-11-10 16:39:03', '2022-11-10 16:39:03'),
(57, 1, 'El usuario: Admin Administrador Ha ingresado al home del sistema a las: 13:11:53 del día: 10/11/2022', NULL, '2022-11-10 18:53:35', '2022-11-10 18:53:35'),
(58, 1, 'El usuario: Admin Administrador Ha ingresado a ver los productos: 13:11:53 del día: 10/11/2022', NULL, '2022-11-10 18:53:40', '2022-11-10 18:53:40'),
(59, 1, 'El usuario: Admin Administrador Ha ingresado a ver los productos: 13:11:59 del día: 10/11/2022', NULL, '2022-11-10 18:59:52', '2022-11-10 18:59:52'),
(60, 1, 'El usuario: Admin Administrador Ha ingresado a ver las cotizaciones: 14:11:02 del día: 10/11/2022', NULL, '2022-11-10 19:02:55', '2022-11-10 19:02:55'),
(61, 1, 'El usuario: Admin Administrador Ha ingresado a editar los datos de la cotizacion: 5 a las: 14:11:03 del día: 10/11/2022', NULL, '2022-11-10 19:03:01', '2022-11-10 19:03:01'),
(62, 1, 'El usuario: Admin Administrador Ha ingresado a ver las cotizaciones: 15:11:08 del día: 10/11/2022', NULL, '2022-11-10 20:08:57', '2022-11-10 20:08:57'),
(63, 1, 'El usuario: Admin Administrador Ha ingresado a ver las cotizaciones: 15:11:10 del día: 10/11/2022', NULL, '2022-11-10 20:10:53', '2022-11-10 20:10:53'),
(64, 1, 'El usuario: Admin Administrador Ha ingresado a ver los usuarios a las: 15:11:11 del día: 10/11/2022', NULL, '2022-11-10 20:11:04', '2022-11-10 20:11:04'),
(65, 1, 'El usuario: Admin Administrador Ha ingresado a crear un usuario a las: 15:11:11 del día: 10/11/2022', NULL, '2022-11-10 20:11:11', '2022-11-10 20:11:11'),
(66, 1, 'El usuario: Admin Administrador Ha ingresado a crear un usuario a las: 15:11:11 del día: 10/11/2022', NULL, '2022-11-10 20:11:26', '2022-11-10 20:11:26'),
(67, 1, 'El usuario: Admin Administrador Ha ingresado al sistema el usuario: Comercio prueba 1 Comercio prueba 1 a las: 15:11:12 del día: 10/11/2022', NULL, '2022-11-10 20:12:28', '2022-11-10 20:12:28'),
(68, 1, 'El usuario: Admin Administrador Ha ingresado a ver los usuarios a las: 15:11:12 del día: 10/11/2022', NULL, '2022-11-10 20:12:29', '2022-11-10 20:12:29'),
(69, 1, 'El usuario: Admin Administrador Ha ingresado al home del sistema a las: 15:11:12 del día: 10/11/2022', NULL, '2022-11-10 20:12:57', '2022-11-10 20:12:57'),
(70, 1, 'El usuario: Admin Administrador Ha ingresado a ver los usuarios a las: 15:11:13 del día: 10/11/2022', NULL, '2022-11-10 20:13:00', '2022-11-10 20:13:00'),
(71, 1, 'El usuario: Admin Administrador Ha ingresado a editar los datos del usuario: Comercio prueba 1 Comercio prueba 1 a las: 15:11:13 del día: 10/11/2022', NULL, '2022-11-10 20:13:06', '2022-11-10 20:13:06'),
(72, 1, 'El usuario: Admin Administrador Ha modificó los datos del usuario: Comercio prueba 1 Comercio prueba 1 a las: 15:11:13 del día: 10/11/2022', NULL, '2022-11-10 20:13:49', '2022-11-10 20:13:49'),
(73, 1, 'El usuario: Admin Administrador Ha ingresado a ver los usuarios a las: 15:11:13 del día: 10/11/2022', NULL, '2022-11-10 20:13:51', '2022-11-10 20:13:51'),
(74, 4, 'El usuario: Comercio prueba 1 Comercio prueba 1 Ha ingresado al home del sistema a las: 15:11:14 del día: 10/11/2022', NULL, '2022-11-10 20:14:22', '2022-11-10 20:14:22'),
(75, 4, 'El usuario: Comercio prueba 1 Comercio prueba 1 Ha ingresado a ver las cotizaciones: 15:11:14 del día: 10/11/2022', NULL, '2022-11-10 20:14:34', '2022-11-10 20:14:34'),
(76, 4, 'El usuario: Comercio prueba 1 Comercio prueba 1 Ha ingresado al home del sistema a las: 15:11:14 del día: 10/11/2022', NULL, '2022-11-10 20:14:50', '2022-11-10 20:14:50'),
(77, 4, 'El usuario: Comercio prueba 1 Comercio prueba 1 Ha ingresado a ver las cotizaciones: 15:11:14 del día: 10/11/2022', NULL, '2022-11-10 20:14:54', '2022-11-10 20:14:54'),
(78, 4, 'El usuario: Comercio prueba 1 Comercio prueba 1 Ha ingresado al home del sistema a las: 15:11:21 del día: 10/11/2022', NULL, '2022-11-10 20:21:58', '2022-11-10 20:21:58'),
(79, 4, 'El usuario: Comercio prueba 1 Comercio prueba 1 Ha ingresado al home del sistema a las: 15:11:22 del día: 10/11/2022', NULL, '2022-11-10 20:22:19', '2022-11-10 20:22:19'),
(80, 1, 'El usuario: Admin Administrador Ha ingresado al home del sistema a las: 15:11:22 del día: 10/11/2022', NULL, '2022-11-10 20:22:33', '2022-11-10 20:22:33'),
(81, 1, 'El usuario: Admin Administrador Ha ingresado a ver los permisos del Role: Comercio a las: 15:11:22 del día: 10/11/2022', NULL, '2022-11-10 20:22:44', '2022-11-10 20:22:44'),
(82, 1, 'El usuario: Admin Administrador Ha modificado los permisos del Role: Comercio a las: 15:11:23 del día: 10/11/2022', NULL, '2022-11-10 20:23:26', '2022-11-10 20:23:26'),
(83, 1, 'El usuario: Admin Administrador Ha ingresado a ver los permisos del Role: Comercio a las: 15:11:23 del día: 10/11/2022', NULL, '2022-11-10 20:23:28', '2022-11-10 20:23:28'),
(84, 4, 'El usuario: Comercio prueba 1 Comercio prueba 1 Ha ingresado al home del sistema a las: 15:11:23 del día: 10/11/2022', NULL, '2022-11-10 20:23:50', '2022-11-10 20:23:50'),
(85, 4, 'El usuario: Comercio prueba 1 Comercio prueba 1 Ha ingresado a ver las cotizaciones: 15:11:23 del día: 10/11/2022', NULL, '2022-11-10 20:23:53', '2022-11-10 20:23:53'),
(86, 4, 'El usuario: Comercio prueba 1 Comercio prueba 1 Ha ingresado a editar los datos de la cotizacion: 5 a las: 15:11:24 del día: 10/11/2022', NULL, '2022-11-10 20:24:00', '2022-11-10 20:24:00'),
(87, 4, 'El usuario: Comercio prueba 1 Comercio prueba 1 Ha ingresado al home del sistema a las: 16:11:06 del día: 10/11/2022', NULL, '2022-11-10 21:06:41', '2022-11-10 21:06:41'),
(88, 1, 'El usuario: Admin Administrador Ha ingresado al home del sistema a las: 16:11:06 del día: 10/11/2022', NULL, '2022-11-10 21:06:57', '2022-11-10 21:06:57'),
(89, 1, 'El usuario: Admin Administrador Ha ingresado a ver las cotizaciones: 16:11:07 del día: 10/11/2022', NULL, '2022-11-10 21:07:00', '2022-11-10 21:07:00'),
(90, 1, 'El usuario: Admin Administrador Ha ingresado al home del sistema a las: 16:11:08 del día: 10/11/2022', NULL, '2022-11-10 21:08:52', '2022-11-10 21:08:52'),
(91, 1, 'El usuario: Admin Administrador Ha ingresado a ver las cotizaciones: 16:11:24 del día: 10/11/2022', NULL, '2022-11-10 21:24:36', '2022-11-10 21:24:36'),
(92, 1, 'El usuario: Admin Administrador Ha ingresado a editar los datos de la cotizacion: 5 a las: 16:11:44 del día: 10/11/2022', NULL, '2022-11-10 21:44:07', '2022-11-10 21:44:07'),
(93, 1, 'El usuario: Admin Administrador Ha ingresado a ver las cotizaciones: 16:11:44 del día: 10/11/2022', NULL, '2022-11-10 21:44:33', '2022-11-10 21:44:33'),
(94, 4, 'El usuario: Comercio prueba 1 Comercio prueba 1 Ha ingresado al home del sistema a las: 09:11:12 del día: 11/11/2022', NULL, '2022-11-11 14:12:25', '2022-11-11 14:12:25'),
(95, 4, 'El usuario: Comercio prueba 1 Comercio prueba 1 Ha ingresado a ver las cotizaciones: 09:11:12 del día: 11/11/2022', NULL, '2022-11-11 14:12:27', '2022-11-11 14:12:27'),
(96, 1, 'El usuario: Admin Administrador Ha ingresado al home del sistema a las: 18:11:38 del día: 14/11/2022', NULL, '2022-11-14 23:38:59', '2022-11-14 23:38:59'),
(97, 1, 'El usuario: Admin Administrador Ha ingresado a ver los servicios: 18:11:39 del día: 14/11/2022', NULL, '2022-11-14 23:39:44', '2022-11-14 23:39:44'),
(98, 1, 'El usuario: Admin Administrador Ha ingresado a ver los servicios: 18:11:39 del día: 14/11/2022', NULL, '2022-11-14 23:39:53', '2022-11-14 23:39:53'),
(99, 1, 'El usuario: Admin Administrador Ha ingresado a ver los servicios: 18:11:40 del día: 14/11/2022', NULL, '2022-11-14 23:40:01', '2022-11-14 23:40:01'),
(100, 1, 'El usuario: Admin Administrador Ha ingresado a ver los servicios: 18:11:40 del día: 14/11/2022', NULL, '2022-11-14 23:40:05', '2022-11-14 23:40:05'),
(101, 1, 'El usuario: Admin Administrador Ha ingresado a ver los productos: 18:11:40 del día: 14/11/2022', NULL, '2022-11-14 23:40:39', '2022-11-14 23:40:39'),
(102, 1, 'El usuario: Admin Administrador Ha ingresado a ver los productos: 18:11:40 del día: 14/11/2022', NULL, '2022-11-14 23:40:46', '2022-11-14 23:40:46'),
(103, 1, 'El usuario: Admin Administrador Ha ingresado a ver los productos: 18:11:40 del día: 14/11/2022', NULL, '2022-11-14 23:40:50', '2022-11-14 23:40:50'),
(104, 1, 'El usuario: Admin Administrador Ha ingresado a ver los productos: 18:11:40 del día: 14/11/2022', NULL, '2022-11-14 23:40:57', '2022-11-14 23:40:57'),
(105, 1, 'El usuario: Admin Administrador Ha ingresado a ver los productos: 18:11:41 del día: 14/11/2022', NULL, '2022-11-14 23:41:01', '2022-11-14 23:41:01'),
(106, 1, 'El usuario: Admin Administrador Ha ingresado a ver los productos: 19:11:41 del día: 14/11/2022', NULL, '2022-11-15 00:41:07', '2022-11-15 00:41:07'),
(107, 1, 'El usuario: Admin Administrador Ha ingresado a ver los productos: 19:11:48 del día: 14/11/2022', NULL, '2022-11-15 00:48:17', '2022-11-15 00:48:17'),
(108, 1, 'El usuario: Admin Administrador Ha ingresado a ver los productos: 19:11:53 del día: 14/11/2022', NULL, '2022-11-15 00:53:17', '2022-11-15 00:53:17'),
(109, 1, 'El usuario: Admin Administrador Ha ingresado a ver los productos: 19:11:59 del día: 14/11/2022', NULL, '2022-11-15 00:59:03', '2022-11-15 00:59:03'),
(110, 1, 'El usuario: Admin Administrador Ha ingresado a editar los datos del producto: Kit smores Navidad a las: 19:11:59 del día: 14/11/2022', NULL, '2022-11-15 00:59:07', '2022-11-15 00:59:07'),
(111, 1, 'El usuario: Admin Administrador Ha ingresado a ver los productos: 19:11:59 del día: 14/11/2022', NULL, '2022-11-15 00:59:30', '2022-11-15 00:59:30'),
(112, 1, 'El usuario: Admin Administrador Ha ingresado a ver los productos: 20:11:16 del día: 14/11/2022', NULL, '2022-11-15 01:16:52', '2022-11-15 01:16:52'),
(113, 1, 'El usuario: Admin Administrador Ha ingresado a ver los productos: 20:11:21 del día: 14/11/2022', NULL, '2022-11-15 01:21:59', '2022-11-15 01:21:59'),
(114, 1, 'El usuario: Admin Administrador Ha ingresado a editar los datos del producto: Kit hot  chocolate a las: 20:11:22 del día: 14/11/2022', NULL, '2022-11-15 01:22:48', '2022-11-15 01:22:48'),
(115, 1, 'El usuario: Admin Administrador Ha ingresado a ver los productos: 20:11:22 del día: 14/11/2022', NULL, '2022-11-15 01:22:58', '2022-11-15 01:22:58'),
(116, 1, 'El usuario: Admin Administrador Ha ingresado a ver los productos: 20:11:26 del día: 14/11/2022', NULL, '2022-11-15 01:26:30', '2022-11-15 01:26:30'),
(117, 1, 'El usuario: Admin Administrador Ha ingresado a ver los productos: 20:11:30 del día: 14/11/2022', NULL, '2022-11-15 01:30:01', '2022-11-15 01:30:01'),
(118, 1, 'El usuario: Admin Administrador Ha ingresado a ver los productos: 20:11:32 del día: 14/11/2022', NULL, '2022-11-15 01:32:54', '2022-11-15 01:32:54'),
(119, 1, 'El usuario: Admin Administrador Ha ingresado a editar los datos del producto: Cobija personalizable a las: 20:11:33 del día: 14/11/2022', NULL, '2022-11-15 01:33:11', '2022-11-15 01:33:11'),
(120, 1, 'El usuario: Admin Administrador Ha ingresado a ver los productos: 20:11:33 del día: 14/11/2022', NULL, '2022-11-15 01:33:34', '2022-11-15 01:33:34'),
(121, 1, 'El usuario: Admin Administrador Ha ingresado a ver las cotizaciones: 20:11:33 del día: 14/11/2022', NULL, '2022-11-15 01:33:37', '2022-11-15 01:33:37'),
(122, 1, 'El usuario: Admin Administrador Ha ingresado al home del sistema a las: 08:11:10 del día: 16/11/2022', NULL, '2022-11-16 13:10:16', '2022-11-16 13:10:16'),
(123, 1, 'El usuario: Admin Administrador Ha ingresado a ver los productos: 08:11:10 del día: 16/11/2022', NULL, '2022-11-16 13:10:21', '2022-11-16 13:10:21'),
(124, 1, 'El usuario: Admin Administrador Ha ingresado a editar los datos del producto: Kit velitas de Navidad a las: 08:11:10 del día: 16/11/2022', NULL, '2022-11-16 13:10:30', '2022-11-16 13:10:30'),
(125, 1, 'El usuario: Admin Administrador Ha ingresado a editar los datos del producto: Kit velitas de Navidad a las: 08:11:10 del día: 16/11/2022', NULL, '2022-11-16 13:10:41', '2022-11-16 13:10:41'),
(126, 1, 'El usuario: Admin Administrador Ha ingresado a editar los datos del producto: Kit velitas de Navidad a las: 08:11:10 del día: 16/11/2022', NULL, '2022-11-16 13:10:46', '2022-11-16 13:10:46'),
(127, 1, 'El usuario: Admin Administrador Ha ingresado a editar los datos del producto: Kit velitas de Navidad a las: 08:11:10 del día: 16/11/2022', NULL, '2022-11-16 13:10:51', '2022-11-16 13:10:51'),
(128, 1, 'El usuario: Admin Administrador Ha ingresado a ver los productos: 08:11:11 del día: 16/11/2022', NULL, '2022-11-16 13:11:54', '2022-11-16 13:11:54'),
(129, 1, 'El usuario: Admin Administrador Ha ingresado a editar los datos del producto: Kit velitas de Navidad a las: 08:11:11 del día: 16/11/2022', NULL, '2022-11-16 13:11:58', '2022-11-16 13:11:58'),
(130, 1, 'El usuario: Admin Administrador Ha ingresado a editar los datos del producto: Kit velitas de Navidad a las: 08:11:12 del día: 16/11/2022', NULL, '2022-11-16 13:12:10', '2022-11-16 13:12:10'),
(131, 1, 'El usuario: Admin Administrador Ha ingresado a ver los productos: 08:11:12 del día: 16/11/2022', NULL, '2022-11-16 13:12:32', '2022-11-16 13:12:32'),
(132, 1, 'El usuario: Admin Administrador Ha ingresado a editar los datos del producto: Kit velitas de Navidad a las: 08:11:12 del día: 16/11/2022', NULL, '2022-11-16 13:12:36', '2022-11-16 13:12:36'),
(133, 1, 'El usuario: Admin Administrador Ha ingresado a ver los productos: 08:11:12 del día: 16/11/2022', NULL, '2022-11-16 13:12:45', '2022-11-16 13:12:45'),
(134, 1, 'El usuario: Admin Administrador Ha ingresado a ver los productos: 08:11:14 del día: 16/11/2022', NULL, '2022-11-16 13:14:06', '2022-11-16 13:14:06'),
(135, 1, 'El usuario: Admin Administrador Ha ingresado a editar los datos del producto: Prueba a las: 08:11:14 del día: 16/11/2022', NULL, '2022-11-16 13:14:10', '2022-11-16 13:14:10'),
(136, 1, 'El usuario: Admin Administrador Ha ingresado a ver los productos: 08:11:14 del día: 16/11/2022', NULL, '2022-11-16 13:14:24', '2022-11-16 13:14:24'),
(137, 1, 'El usuario: Admin Administrador Ha ingresado a ver los productos: 08:11:14 del día: 16/11/2022', NULL, '2022-11-16 13:14:30', '2022-11-16 13:14:30'),
(138, 1, 'El usuario: Admin Administrador Ha ingresado al home del sistema a las: 09:11:18 del día: 16/11/2022', NULL, '2022-11-16 14:18:28', '2022-11-16 14:18:28'),
(139, 1, 'El usuario: Admin Administrador Ha ingresado a ver los productos: 09:11:18 del día: 16/11/2022', NULL, '2022-11-16 14:18:33', '2022-11-16 14:18:33'),
(140, 1, 'El usuario: Admin Administrador Ha ingresado a editar los datos del producto: Kit velitas de Navidad a las: 09:11:18 del día: 16/11/2022', NULL, '2022-11-16 14:18:37', '2022-11-16 14:18:37'),
(141, 1, 'El usuario: Admin Administrador Ha ingresado a editar los datos del producto: Kit velitas de Navidad a las: 09:11:18 del día: 16/11/2022', NULL, '2022-11-16 14:18:44', '2022-11-16 14:18:44'),
(142, 1, 'El usuario: Admin Administrador Ha ingresado a ver los productos: 09:11:18 del día: 16/11/2022', NULL, '2022-11-16 14:18:49', '2022-11-16 14:18:49'),
(143, 1, 'El usuario: Admin Administrador Ha ingresado a editar los datos del producto: Vela propósitos edición Navidad a las: 09:11:19 del día: 16/11/2022', NULL, '2022-11-16 14:19:22', '2022-11-16 14:19:22'),
(144, 1, 'El usuario: Admin Administrador Ha ingresado a editar los datos del producto: Vela propósitos edición Navidad a las: 09:11:19 del día: 16/11/2022', NULL, '2022-11-16 14:19:28', '2022-11-16 14:19:28'),
(145, 1, 'El usuario: Admin Administrador Ha ingresado a editar los datos del producto: Vela propósitos edición Navidad a las: 09:11:19 del día: 16/11/2022', NULL, '2022-11-16 14:19:34', '2022-11-16 14:19:34'),
(146, 1, 'El usuario: Admin Administrador Ha ingresado a editar los datos del producto: Vela propósitos edición Navidad a las: 09:11:19 del día: 16/11/2022', NULL, '2022-11-16 14:19:40', '2022-11-16 14:19:40'),
(147, 1, 'El usuario: Admin Administrador Ha ingresado a editar los datos del producto: Vela propósitos edición Navidad a las: 09:11:19 del día: 16/11/2022', NULL, '2022-11-16 14:19:45', '2022-11-16 14:19:45'),
(148, 1, 'El usuario: Admin Administrador Ha ingresado a editar los datos del producto: Vela propósitos edición Navidad a las: 09:11:19 del día: 16/11/2022', NULL, '2022-11-16 14:19:51', '2022-11-16 14:19:51'),
(149, 1, 'El usuario: Admin Administrador Ha ingresado a ver los productos: 09:11:19 del día: 16/11/2022', NULL, '2022-11-16 14:19:55', '2022-11-16 14:19:55'),
(150, 1, 'El usuario: Admin Administrador Ha ingresado a editar los datos del producto: Kit smores Navidad a las: 09:11:26 del día: 16/11/2022', NULL, '2022-11-16 14:26:32', '2022-11-16 14:26:32'),
(151, 1, 'El usuario: Admin Administrador Ha ingresado a editar los datos del producto: Kit smores Navidad a las: 09:11:26 del día: 16/11/2022', NULL, '2022-11-16 14:26:38', '2022-11-16 14:26:38'),
(152, 1, 'El usuario: Admin Administrador Ha ingresado a editar los datos del producto: Kit smores Navidad a las: 09:11:26 del día: 16/11/2022', NULL, '2022-11-16 14:26:44', '2022-11-16 14:26:44'),
(153, 1, 'El usuario: Admin Administrador Ha ingresado a editar los datos del producto: Kit smores Navidad a las: 09:11:26 del día: 16/11/2022', NULL, '2022-11-16 14:26:52', '2022-11-16 14:26:52'),
(154, 1, 'El usuario: Admin Administrador Ha ingresado a editar los datos del producto: Kit smores Navidad a las: 09:11:27 del día: 16/11/2022', NULL, '2022-11-16 14:27:00', '2022-11-16 14:27:00'),
(155, 1, 'El usuario: Admin Administrador Ha ingresado a editar los datos del producto: Kit smores Navidad a las: 09:11:27 del día: 16/11/2022', NULL, '2022-11-16 14:27:08', '2022-11-16 14:27:08'),
(156, 1, 'El usuario: Admin Administrador Ha ingresado a editar los datos del producto: Kit smores Navidad a las: 09:11:27 del día: 16/11/2022', NULL, '2022-11-16 14:27:12', '2022-11-16 14:27:12'),
(157, 1, 'El usuario: Admin Administrador Ha ingresado a editar los datos del producto: Kit smores Navidad a las: 09:11:27 del día: 16/11/2022', NULL, '2022-11-16 14:27:19', '2022-11-16 14:27:19'),
(158, 1, 'El usuario: Admin Administrador Ha ingresado a ver los productos: 09:11:27 del día: 16/11/2022', NULL, '2022-11-16 14:27:22', '2022-11-16 14:27:22'),
(159, 1, 'El usuario: Admin Administrador Ha ingresado a editar los datos del producto: Kit premium ancheta casa a las: 09:11:27 del día: 16/11/2022', NULL, '2022-11-16 14:27:28', '2022-11-16 14:27:28'),
(160, 1, 'El usuario: Admin Administrador Ha ingresado a editar los datos del producto: Kit premium ancheta casa a las: 09:11:27 del día: 16/11/2022', NULL, '2022-11-16 14:27:37', '2022-11-16 14:27:37'),
(161, 1, 'El usuario: Admin Administrador Ha ingresado a editar los datos del producto: Kit premium ancheta casa a las: 09:11:27 del día: 16/11/2022', NULL, '2022-11-16 14:27:45', '2022-11-16 14:27:45'),
(162, 1, 'El usuario: Admin Administrador Ha ingresado a editar los datos del producto: Kit premium ancheta casa a las: 09:11:28 del día: 16/11/2022', NULL, '2022-11-16 14:28:36', '2022-11-16 14:28:36'),
(163, 1, 'El usuario: Admin Administrador Ha ingresado a editar los datos del producto: Kit premium ancheta casa a las: 09:11:28 del día: 16/11/2022', NULL, '2022-11-16 14:28:42', '2022-11-16 14:28:42'),
(164, 1, 'El usuario: Admin Administrador Ha ingresado a editar los datos del producto: Kit premium ancheta casa a las: 09:11:28 del día: 16/11/2022', NULL, '2022-11-16 14:28:48', '2022-11-16 14:28:48'),
(165, 1, 'El usuario: Admin Administrador Ha ingresado a editar los datos del producto: Kit premium ancheta casa a las: 09:11:28 del día: 16/11/2022', NULL, '2022-11-16 14:28:55', '2022-11-16 14:28:55'),
(166, 1, 'El usuario: Admin Administrador Ha ingresado a ver los productos: 09:11:29 del día: 16/11/2022', NULL, '2022-11-16 14:29:01', '2022-11-16 14:29:01'),
(167, 1, 'El usuario: Admin Administrador Ha ingresado a editar los datos del producto: Kit cheers premium a las: 09:11:29 del día: 16/11/2022', NULL, '2022-11-16 14:29:09', '2022-11-16 14:29:09'),
(168, 1, 'El usuario: Admin Administrador Ha ingresado a editar los datos del producto: Kit cheers premium a las: 09:11:29 del día: 16/11/2022', NULL, '2022-11-16 14:29:15', '2022-11-16 14:29:15'),
(169, 1, 'El usuario: Admin Administrador Ha ingresado a editar los datos del producto: Kit cheers premium a las: 09:11:29 del día: 16/11/2022', NULL, '2022-11-16 14:29:20', '2022-11-16 14:29:20'),
(170, 1, 'El usuario: Admin Administrador Ha ingresado a editar los datos del producto: Kit cheers premium a las: 09:11:29 del día: 16/11/2022', NULL, '2022-11-16 14:29:26', '2022-11-16 14:29:26'),
(171, 1, 'El usuario: Admin Administrador Ha ingresado a editar los datos del producto: Kit cheers premium a las: 09:11:29 del día: 16/11/2022', NULL, '2022-11-16 14:29:31', '2022-11-16 14:29:31'),
(172, 1, 'El usuario: Admin Administrador Ha ingresado a editar los datos del producto: Kit cheers premium a las: 09:11:29 del día: 16/11/2022', NULL, '2022-11-16 14:29:35', '2022-11-16 14:29:35'),
(173, 1, 'El usuario: Admin Administrador Ha ingresado a ver los productos: 09:11:29 del día: 16/11/2022', NULL, '2022-11-16 14:29:40', '2022-11-16 14:29:40'),
(174, 1, 'El usuario: Admin Administrador Ha ingresado a editar los datos del producto: Kit hot  chocolate a las: 09:11:29 del día: 16/11/2022', NULL, '2022-11-16 14:29:48', '2022-11-16 14:29:48'),
(175, 1, 'El usuario: Admin Administrador Ha ingresado a editar los datos del producto: Kit hot  chocolate a las: 09:11:29 del día: 16/11/2022', NULL, '2022-11-16 14:29:54', '2022-11-16 14:29:54'),
(176, 1, 'El usuario: Admin Administrador Ha ingresado a editar los datos del producto: Kit hot  chocolate a las: 09:11:29 del día: 16/11/2022', NULL, '2022-11-16 14:29:59', '2022-11-16 14:29:59'),
(177, 1, 'El usuario: Admin Administrador Ha ingresado a editar los datos del producto: Kit hot  chocolate a las: 09:11:30 del día: 16/11/2022', NULL, '2022-11-16 14:30:05', '2022-11-16 14:30:05'),
(178, 1, 'El usuario: Admin Administrador Ha ingresado a ver los productos: 09:11:30 del día: 16/11/2022', NULL, '2022-11-16 14:30:10', '2022-11-16 14:30:10'),
(179, 1, 'El usuario: Admin Administrador Ha ingresado a editar los datos del producto: Kit hot  chocolate a las: 09:11:30 del día: 16/11/2022', NULL, '2022-11-16 14:30:20', '2022-11-16 14:30:20'),
(180, 1, 'El usuario: Admin Administrador Ha ingresado a ver los productos: 09:11:30 del día: 16/11/2022', NULL, '2022-11-16 14:30:24', '2022-11-16 14:30:24'),
(181, 1, 'El usuario: Admin Administrador Ha ingresado a editar los datos del producto: Kit vino caliente para compartir a las: 09:11:30 del día: 16/11/2022', NULL, '2022-11-16 14:30:29', '2022-11-16 14:30:29'),
(182, 1, 'El usuario: Admin Administrador Ha ingresado a editar los datos del producto: Kit vino caliente para compartir a las: 09:11:30 del día: 16/11/2022', NULL, '2022-11-16 14:30:34', '2022-11-16 14:30:34'),
(183, 1, 'El usuario: Admin Administrador Ha ingresado a editar los datos del producto: Kit vino caliente para compartir a las: 09:11:30 del día: 16/11/2022', NULL, '2022-11-16 14:30:40', '2022-11-16 14:30:40'),
(184, 1, 'El usuario: Admin Administrador Ha ingresado a editar los datos del producto: Kit vino caliente para compartir a las: 09:11:30 del día: 16/11/2022', NULL, '2022-11-16 14:30:44', '2022-11-16 14:30:44'),
(185, 1, 'El usuario: Admin Administrador Ha ingresado a ver los productos: 09:11:30 del día: 16/11/2022', NULL, '2022-11-16 14:30:48', '2022-11-16 14:30:48'),
(186, 1, 'El usuario: Admin Administrador Ha ingresado a editar los datos del producto: Kit café  premium a las: 09:11:30 del día: 16/11/2022', NULL, '2022-11-16 14:30:53', '2022-11-16 14:30:53'),
(187, 1, 'El usuario: Admin Administrador Ha ingresado a editar los datos del producto: Kit café  premium a las: 09:11:30 del día: 16/11/2022', NULL, '2022-11-16 14:30:58', '2022-11-16 14:30:58'),
(188, 1, 'El usuario: Admin Administrador Ha ingresado a editar los datos del producto: Kit café  premium a las: 09:11:31 del día: 16/11/2022', NULL, '2022-11-16 14:31:03', '2022-11-16 14:31:03'),
(189, 1, 'El usuario: Admin Administrador Ha ingresado a editar los datos del producto: Kit café  premium a las: 09:11:31 del día: 16/11/2022', NULL, '2022-11-16 14:31:09', '2022-11-16 14:31:09'),
(190, 1, 'El usuario: Admin Administrador Ha ingresado a ver las cotizaciones: 09:11:31 del día: 16/11/2022', NULL, '2022-11-16 14:31:15', '2022-11-16 14:31:15'),
(191, 1, 'El usuario: Admin Administrador Ha ingresado a ver los productos: 09:11:31 del día: 16/11/2022', NULL, '2022-11-16 14:31:45', '2022-11-16 14:31:45'),
(192, 1, 'El usuario: Admin Administrador Ha ingresado a editar los datos del producto: Cobija personalizable a las: 09:11:31 del día: 16/11/2022', NULL, '2022-11-16 14:31:48', '2022-11-16 14:31:48'),
(193, 1, 'El usuario: Admin Administrador Ha ingresado a editar los datos del producto: Cobija personalizable a las: 09:11:32 del día: 16/11/2022', NULL, '2022-11-16 14:32:13', '2022-11-16 14:32:13'),
(194, 1, 'El usuario: Admin Administrador Ha ingresado a editar los datos del producto: Cobija personalizable a las: 09:11:32 del día: 16/11/2022', NULL, '2022-11-16 14:32:18', '2022-11-16 14:32:18'),
(195, 1, 'El usuario: Admin Administrador Ha ingresado a editar los datos del producto: Cobija personalizable a las: 09:11:32 del día: 16/11/2022', NULL, '2022-11-16 14:32:23', '2022-11-16 14:32:23'),
(196, 1, 'El usuario: Admin Administrador Ha ingresado a ver las cotizaciones: 09:11:32 del día: 16/11/2022', NULL, '2022-11-16 14:32:49', '2022-11-16 14:32:49'),
(197, 1, 'El usuario: Admin Administrador Ha ingresado a ver las cotizaciones: 09:11:35 del día: 16/11/2022', NULL, '2022-11-16 14:35:31', '2022-11-16 14:35:31'),
(198, 1, 'El usuario: Admin Administrador Ha ingresado a ver las cotizaciones: 09:11:35 del día: 16/11/2022', NULL, '2022-11-16 14:35:56', '2022-11-16 14:35:56'),
(199, 1, 'El usuario: Admin Administrador Ha ingresado a ver los productos: 09:11:36 del día: 16/11/2022', NULL, '2022-11-16 14:36:03', '2022-11-16 14:36:03'),
(200, 1, 'El usuario: Admin Administrador Ha ingresado al home del sistema a las: 10:11:41 del día: 16/11/2022', NULL, '2022-11-16 15:41:32', '2022-11-16 15:41:32'),
(201, 1, 'El usuario: Admin Administrador Ha ingresado a ver las cotizaciones: 10:11:41 del día: 16/11/2022', NULL, '2022-11-16 15:41:41', '2022-11-16 15:41:41'),
(202, 1, 'El usuario: Admin Administrador Ha ingresado a ver los productos: 10:11:41 del día: 16/11/2022', NULL, '2022-11-16 15:41:47', '2022-11-16 15:41:47'),
(203, 1, 'El usuario: Admin Administrador Ha ingresado a editar los datos del producto: Cobija personalizable a las: 10:11:41 del día: 16/11/2022', NULL, '2022-11-16 15:41:51', '2022-11-16 15:41:51'),
(204, 1, 'El usuario: Admin Administrador Ha ingresado a ver los productos: 10:11:42 del día: 16/11/2022', NULL, '2022-11-16 15:42:34', '2022-11-16 15:42:34'),
(205, 1, 'El usuario: Admin Administrador Ha ingresado a editar los datos del producto: Kit café  premium a las: 10:11:43 del día: 16/11/2022', NULL, '2022-11-16 15:43:34', '2022-11-16 15:43:34'),
(206, 1, 'El usuario: Admin Administrador Ha ingresado a ver los productos: 10:11:44 del día: 16/11/2022', NULL, '2022-11-16 15:44:54', '2022-11-16 15:44:54'),
(207, 1, 'El usuario: Admin Administrador Ha ingresado a editar los datos del producto: Kit vino caliente para compartir a las: 10:11:45 del día: 16/11/2022', NULL, '2022-11-16 15:45:51', '2022-11-16 15:45:51'),
(208, 1, 'El usuario: Admin Administrador Ha ingresado a ver los productos: 11:11:01 del día: 16/11/2022', NULL, '2022-11-16 16:01:36', '2022-11-16 16:01:36'),
(209, 1, 'El usuario: Admin Administrador Ha ingresado a editar los datos del producto: Kit cheers premium a las: 11:11:01 del día: 16/11/2022', NULL, '2022-11-16 16:01:45', '2022-11-16 16:01:45'),
(210, 1, 'El usuario: Admin Administrador Ha ingresado a ver los productos: 11:11:10 del día: 16/11/2022', NULL, '2022-11-16 16:10:16', '2022-11-16 16:10:16'),
(211, 1, 'El usuario: Admin Administrador Ha ingresado a ver los productos: 11:11:10 del día: 16/11/2022', NULL, '2022-11-16 16:10:20', '2022-11-16 16:10:20'),
(212, 1, 'El usuario: Admin Administrador Ha ingresado a editar los datos del producto: Kit premium ancheta casa a las: 11:11:11 del día: 16/11/2022', NULL, '2022-11-16 16:11:33', '2022-11-16 16:11:33'),
(213, 1, 'El usuario: Admin Administrador Ha ingresado a ver los productos: 11:11:24 del día: 16/11/2022', NULL, '2022-11-16 16:24:00', '2022-11-16 16:24:00'),
(214, 1, 'El usuario: Admin Administrador Ha ingresado a editar los datos del producto: Kit smores Navidad a las: 11:11:24 del día: 16/11/2022', NULL, '2022-11-16 16:24:06', '2022-11-16 16:24:06'),
(215, 1, 'El usuario: Admin Administrador Ha ingresado a ver los productos: 11:11:25 del día: 16/11/2022', NULL, '2022-11-16 16:25:31', '2022-11-16 16:25:31'),
(216, 1, 'El usuario: Admin Administrador Ha ingresado a ver los productos: 11:11:25 del día: 16/11/2022', NULL, '2022-11-16 16:25:33', '2022-11-16 16:25:33'),
(217, 1, 'El usuario: Admin Administrador Ha ingresado a editar los datos del producto: Vela propósitos edición Navidad a las: 11:11:26 del día: 16/11/2022', NULL, '2022-11-16 16:26:45', '2022-11-16 16:26:45'),
(218, 1, 'El usuario: Admin Administrador Ha ingresado a ver los productos: 11:11:28 del día: 16/11/2022', NULL, '2022-11-16 16:28:08', '2022-11-16 16:28:08'),
(219, 1, 'El usuario: Admin Administrador Ha ingresado a editar los datos del producto: Kit velitas de Navidad a las: 11:11:28 del día: 16/11/2022', NULL, '2022-11-16 16:28:23', '2022-11-16 16:28:23'),
(220, 1, 'El usuario: Admin Administrador Ha ingresado a ver los productos: 11:11:29 del día: 16/11/2022', NULL, '2022-11-16 16:29:29', '2022-11-16 16:29:29'),
(221, 1, 'El usuario: Admin Administrador Ha ingresado a editar los datos del producto: Kit hot  chocolate a las: 11:11:30 del día: 16/11/2022', NULL, '2022-11-16 16:30:09', '2022-11-16 16:30:09'),
(222, 1, 'El usuario: Admin Administrador Ha ingresado a ver los productos: 11:11:32 del día: 16/11/2022', NULL, '2022-11-16 16:32:32', '2022-11-16 16:32:32'),
(223, 1, 'El usuario: Admin Administrador Ha ingresado a ver los servicios: 12:11:10 del día: 16/11/2022', NULL, '2022-11-16 17:10:05', '2022-11-16 17:10:05'),
(224, 1, 'El usuario: Admin Administrador Ha ingresado a editar los datos de la categoría:  a las: 12:11:10 del día: 16/11/2022', NULL, '2022-11-16 17:10:09', '2022-11-16 17:10:09'),
(225, 1, 'El usuario: Admin Administrador Ha ingresado al home del sistema a las: 19:11:37 del día: 16/11/2022', NULL, '2022-11-17 00:37:21', '2022-11-17 00:37:21'),
(226, 1, 'El usuario: Admin Administrador Ha ingresado a ver las cotizaciones: 19:11:37 del día: 16/11/2022', NULL, '2022-11-17 00:37:26', '2022-11-17 00:37:26'),
(227, 1, 'El usuario: Admin Administrador Ha ingresado a ver las cotizaciones: 19:11:40 del día: 16/11/2022', NULL, '2022-11-17 00:40:10', '2022-11-17 00:40:10'),
(228, 1, 'El usuario: Admin Administrador Ha ingresado a editar los datos de la cotizacion: 1 a las: 19:11:40 del día: 16/11/2022', NULL, '2022-11-17 00:40:15', '2022-11-17 00:40:15'),
(229, 1, 'El usuario: Admin Administrador Ha ingresado al home del sistema a las: 18:11:07 del día: 21/11/2022', NULL, '2022-11-21 23:07:25', '2022-11-21 23:07:25'),
(230, 1, 'El usuario: Admin Administrador Ha ingresado a ver las cotizaciones: 18:11:07 del día: 21/11/2022', NULL, '2022-11-21 23:07:28', '2022-11-21 23:07:28'),
(231, 1, 'El usuario: Admin Administrador Ha ingresado a editar los datos de la cotizacion: 1 a las: 18:11:07 del día: 21/11/2022', NULL, '2022-11-21 23:07:30', '2022-11-21 23:07:30'),
(232, 1, 'El usuario: Admin Administrador Ha ingresado al home del sistema a las: 22:11:46 del día: 23/11/2022', NULL, '2022-11-24 03:46:06', '2022-11-24 03:46:06'),
(233, 1, 'El usuario: Admin Administrador Ha ingresado a ver las cotizaciones: 22:11:46 del día: 23/11/2022', NULL, '2022-11-24 03:46:13', '2022-11-24 03:46:13'),
(234, 1, 'El usuario: Admin Administrador Ha ingresado a editar los datos de la cotizacion: 2 a las: 22:11:46 del día: 23/11/2022', NULL, '2022-11-24 03:46:29', '2022-11-24 03:46:29'),
(235, 1, 'El usuario: Admin Administrador Ha ingresado a ver las cotizaciones: 22:11:47 del día: 23/11/2022', NULL, '2022-11-24 03:47:26', '2022-11-24 03:47:26'),
(236, 1, 'El usuario: Admin Administrador Ha ingresado a ver los productos: 22:11:48 del día: 23/11/2022', NULL, '2022-11-24 03:48:03', '2022-11-24 03:48:03'),
(237, 1, 'El usuario: Admin Administrador Ha ingresado a ver las cotizaciones: 22:11:48 del día: 23/11/2022', NULL, '2022-11-24 03:48:49', '2022-11-24 03:48:49'),
(238, 1, 'El usuario: Admin Administrador Ha ingresado al home del sistema a las: 14:11:39 del día: 24/11/2022', NULL, '2022-11-24 19:39:37', '2022-11-24 19:39:37'),
(239, 1, 'El usuario: Admin Administrador Ha ingresado a ver las cotizaciones: 14:11:39 del día: 24/11/2022', NULL, '2022-11-24 19:39:55', '2022-11-24 19:39:55'),
(240, 1, 'El usuario: Admin Administrador Ha ingresado a editar los datos de la cotizacion: 3 a las: 14:11:40 del día: 24/11/2022', NULL, '2022-11-24 19:40:14', '2022-11-24 19:40:14');

-- --------------------------------------------------------

--
-- Estructura de tabla para la tabla `migrations`
--

CREATE TABLE `migrations` (
  `id` bigint(20) UNSIGNED NOT NULL,
  `migration` varchar(125) COLLATE utf8mb4_unicode_ci NOT NULL,
  `batch` int(11) NOT NULL
) ENGINE=MyISAM DEFAULT CHARSET=utf8mb4 COLLATE=utf8mb4_unicode_ci;

--
-- Volcado de datos para la tabla `migrations`
--

INSERT INTO `migrations` (`id`, `migration`, `batch`) VALUES
(1, '2014_10_12_000000_create_users_table', 1),
(2, '2014_10_12_100000_create_password_resets_table', 1),
(3, '2019_08_19_000000_create_failed_jobs_table', 1),
(4, '2021_04_25_171809_create_permission_tables', 1),
(5, '2021_04_25_185033_create_logins_table', 1),
(6, '2021_04_25_191437_create_log_sistemas_table', 1);

-- --------------------------------------------------------

--
-- Estructura de tabla para la tabla `model_has_permissions`
--

CREATE TABLE `model_has_permissions` (
  `permission_id` bigint(20) UNSIGNED NOT NULL,
  `model_type` varchar(125) COLLATE utf8mb4_unicode_ci NOT NULL,
  `model_id` bigint(20) UNSIGNED NOT NULL
) ENGINE=MyISAM DEFAULT CHARSET=utf8mb4 COLLATE=utf8mb4_unicode_ci;

-- --------------------------------------------------------

--
-- Estructura de tabla para la tabla `model_has_roles`
--

CREATE TABLE `model_has_roles` (
  `role_id` bigint(20) UNSIGNED NOT NULL,
  `model_type` varchar(125) COLLATE utf8mb4_unicode_ci NOT NULL,
  `model_id` bigint(20) UNSIGNED NOT NULL
) ENGINE=MyISAM DEFAULT CHARSET=utf8mb4 COLLATE=utf8mb4_unicode_ci;

--
-- Volcado de datos para la tabla `model_has_roles`
--

INSERT INTO `model_has_roles` (`role_id`, `model_type`, `model_id`) VALUES
(1, 'App\\Models\\User', 1),
(2, 'App\\Models\\User', 2),
(2, 'App\\Models\\User', 5),
(2, 'App\\Models\\User', 6),
(2, 'App\\Models\\User', 7),
(3, 'App\\Models\\User', 3),
(3, 'App\\Models\\User', 4),
(4, 'App\\Models\\User', 8);

-- --------------------------------------------------------

--
-- Estructura de tabla para la tabla `password_resets`
--

CREATE TABLE `password_resets` (
  `email` varchar(125) COLLATE utf8mb4_unicode_ci NOT NULL,
  `token` varchar(125) COLLATE utf8mb4_unicode_ci NOT NULL,
  `created_at` timestamp NULL DEFAULT NULL
) ENGINE=MyISAM DEFAULT CHARSET=utf8mb4 COLLATE=utf8mb4_unicode_ci;

-- --------------------------------------------------------

--
-- Estructura de tabla para la tabla `permissions`
--

CREATE TABLE `permissions` (
  `id` bigint(20) UNSIGNED NOT NULL,
  `name` varchar(125) COLLATE utf8mb4_unicode_ci NOT NULL,
  `guard_name` varchar(125) COLLATE utf8mb4_unicode_ci NOT NULL,
  `created_at` timestamp NULL DEFAULT NULL,
  `updated_at` timestamp NULL DEFAULT NULL
) ENGINE=MyISAM DEFAULT CHARSET=utf8mb4 COLLATE=utf8mb4_unicode_ci;

--
-- Volcado de datos para la tabla `permissions`
--

INSERT INTO `permissions` (`id`, `name`, `guard_name`, `created_at`, `updated_at`) VALUES
(1, 'Ver Usuario', 'web', '2022-02-09 15:59:45', '2022-02-09 15:59:45'),
(2, 'Registrar Usuario', 'web', '2022-02-09 15:59:45', '2022-02-09 15:59:45'),
(3, 'Editar Usuario', 'web', '2022-02-09 15:59:45', '2022-02-09 15:59:45'),
(4, 'Eliminar Usuario', 'web', '2022-02-09 15:59:45', '2022-02-09 15:59:45'),
(5, 'AsignarPermisos', 'web', '2022-02-09 15:59:45', '2022-02-09 15:59:45'),
(6, 'Ver Permisos', 'web', '2022-02-09 15:59:45', '2022-02-09 15:59:45'),
(7, 'Crear Permisos', 'web', '2022-02-09 15:59:45', '2022-02-09 15:59:45'),
(8, 'Editar Permisos', 'web', '2022-02-09 15:59:45', '2022-02-09 15:59:45'),
(9, 'EliminarPermisos', 'web', '2022-02-09 15:59:45', '2022-02-09 15:59:45'),
(10, 'Ver Logins', 'web', '2022-02-09 15:59:45', '2022-02-09 15:59:45'),
(11, 'Ver Log Sistema', 'web', '2022-02-09 15:59:45', '2022-02-09 15:59:45'),
(12, 'Ver Role', 'web', '2022-02-09 15:59:45', '2022-02-09 15:59:45'),
(13, 'Registrar Role', 'web', '2022-02-09 15:59:45', '2022-02-09 15:59:45'),
(14, 'Editar Role', 'web', '2022-02-09 15:59:45', '2022-02-09 15:59:45'),
(15, 'Eliminar Role', 'web', '2022-02-09 15:59:45', '2022-02-09 15:59:45'),
(16, 'Administración', 'web', '2022-02-09 15:59:45', '2022-02-09 15:59:45'),
(17, 'Tienda', 'web', NULL, NULL),
(18, 'Ver Categorías', 'web', NULL, NULL),
(19, 'Crear Categoría', 'web', NULL, NULL),
(20, 'Editar Categoría', 'web', NULL, NULL),
(21, 'Eliminar Categoría', 'web', NULL, NULL),
(22, 'Ver Sub Categoría', 'web', NULL, NULL),
(23, 'Crear Sub Categoría', 'web', NULL, NULL),
(24, 'Editar Sub Categoría', 'web', NULL, NULL),
(25, 'Eliminar Sub Categoría', 'web', NULL, NULL),
(26, 'Ver Productos', 'web', NULL, NULL),
(27, 'Crear Productos', 'web', NULL, NULL),
(28, 'Editar Productos', 'web', NULL, NULL),
(29, 'Eliminar Productos', 'web', NULL, NULL),
(30, 'Ver Cotizaciones', 'web', NULL, NULL),
(31, 'Eliminar Cotizaciones', 'web', NULL, NULL),
(32, 'Editar Cotizaciones', 'web', NULL, NULL);

-- --------------------------------------------------------

--
-- Estructura de tabla para la tabla `products`
--

CREATE TABLE `products` (
  `id` int(11) NOT NULL,
  `user_id` int(11) DEFAULT NULL,
  `name` varchar(100) DEFAULT NULL,
  `price_min` float DEFAULT NULL,
  `price_max` float DEFAULT NULL,
  `quantity_min` int(11) DEFAULT NULL,
  `delivery_time` varchar(50) DEFAULT NULL,
  `shipping_price` float DEFAULT NULL,
  `shipping_free` bigint(20) DEFAULT NULL,
  `description` longtext DEFAULT NULL,
  `created_at` datetime DEFAULT NULL,
  `updated_at` datetime DEFAULT NULL
) ENGINE=MyISAM DEFAULT CHARSET=latin1;

--
-- Volcado de datos para la tabla `products`
--

INSERT INTO `products` (`id`, `user_id`, `name`, `price_min`, `price_max`, `quantity_min`, `delivery_time`, `shipping_price`, `shipping_free`, `description`, `created_at`, `updated_at`) VALUES
(9, 1, 'Kit velitas de Navidad', 45800, 48000, 10, '5 Días', 15000, 0, '<p>Un kit m&aacute;gico cargado de intenciones especiales para este a&ntilde;o que termina y para comenzar el 2023 de la mejor manera.</p>\r\n\r\n<p><strong>Este kit incluye:</strong></p>\r\n\r\n<ul>\r\n	<li>10 velas en cera vegetal con tonos degradados.</li>\r\n	<li>2 bases en madera grabadas.</li>\r\n	<li>Postal para escribir las 10 intenciones personalizada con logo de la empresa.</li>\r\n	<li>Caja en cart&oacute;n microcorrugado parsonalizada con logo de la empresa.</li>\r\n	<li>QR para escuchar playlist navide&ntilde;a en Spotify.</li>\r\n</ul>\r\n\r\n<p>Embalaje en caja de 10 unidades. El precio del env&iacute;o corresponde a una unidad de embalaje compuesta de 10 a 20 kits. Valor de env&iacute;o final se delralla en la propuesta comercial.</p>', '2022-11-14 19:41:05', '2022-11-16 11:29:25'),
(10, 1, 'Vela propósitos edición Navidad', 42300, 45000, 10, '5 días', 15000, 0, '<p>Una luz para iluminar, agradecer y decretar un 2023 lleno de prop&oacute;sitos y sue&ntilde;os por cumplir. Esta vela en cera navide&ntilde;a ser&aacute; perfecta para regalar una luz y buenos prop&oacute;sitos en esta navidad.</p>\r\n\r\n<p>Esta cajita incluye:</p>\r\n\r\n<ul>\r\n	<li>Vela en cera vegetal verde con etiqueta parsonalizada con logo de la empresa.</li>\r\n	<li>Envase en vidrio con tapa.&nbsp;</li>\r\n	<li>Postal personalizada con logo&nbsp;para poner en el &aacute;rbol con los prop&oacute;sitos del 2023.&nbsp;</li>\r\n	<li>Cajita en cart&oacute;n microcorrugado estampada.</li>\r\n	<li>QR para escuchar playlist navide&ntilde;a en Spotify.</li>\r\n</ul>\r\n\r\n<p>Embalaje en caja de 10 unidades. El precio del env&iacute;o corresponde a una unidad de embalaje compuesta de 10 a 20 kits. Valor de env&iacute;o final se detalla en la propuesta comercial.</p>', '2022-11-14 19:47:01', '2022-11-16 11:28:01'),
(11, 1, 'Kit smores Navidad', 58900, 62000, 10, '5 días', 15000, 0, '<p>&iexcl;Una tradici&oacute;n deliciosa! Fogata, masmelos, chocolate, galletas y una buena compa&ntilde;&iacute;a, &iquest;Te suena? &iexcl;Este kit est&aacute; cargado de originalidad, nuevas experiencias y mucha dulzura!</p>\r\n\r\n<p>Este kit incluye:</p>\r\n\r\n<ul>\r\n	<li>2 chocolates Hersheys</li>\r\n	<li>Lata con vela de 2 mechas en cera vegetal</li>\r\n	<li>Caja de masmelos</li>\r\n	<li>Galletas para hacer el sanduche de masmelo&nbsp;</li>\r\n	<li>Palillos</li>\r\n	<li>Caja de cart&oacute;n microcorrugado personalizada con logo de la empresa</li>\r\n	<li>QR para escuchar playlist navide&ntilde;a en Spotify</li>\r\n	<li>Postal para poner en el &aacute;rbol con los prop&oacute;sitos del 2023</li>\r\n</ul>\r\n\r\n<p>Embalaje en caja de 10 unidades. El precio del env&iacute;o corresponde a una unidad de embalaje compuesta de 10 a 20 kits. Valor de env&iacute;o final se detalla en la propuesta comercial.</p>\r\n\r\n<p>&nbsp;</p>', '2022-11-14 19:53:09', '2022-11-16 11:25:05'),
(12, 1, 'Kit premium ancheta casa', 117000, 123000, 10, '5 días', 15000, 0, '<p>Esta cajita representa el calor de hogar, la calidez y y la plenitud que se siente estar en casa, y m&aacute;s si viene con comida deliciosa de por medio!</p>\r\n\r\n<p>Este kit incluye:</p>\r\n\r\n<ul>\r\n	<li>Cada en madera y acr&iacute;lico.</li>\r\n	<li>Botella 375 ml de vino Gato Negro.</li>\r\n	<li>Chorizo curado espa&ntilde;ol empacado al vac&iacute;o.</li>\r\n	<li>Salsa de pimentones asados (dulce).</li>\r\n	<li>Tomates secos empacados al vac&iacute;o.</li>\r\n	<li>Galletas gourmet multigranos.</li>\r\n	<li>Postal de navidad con logo y mensaje de la empresa.</li>\r\n	<li>QR para escuchar playlist navide&ntilde;a en Spotify.</li>\r\n	<li>Postal para poner en el &aacute;rbol con los prop&oacute;sitos del 2023.</li>\r\n</ul>\r\n\r\n<p>Embalaje en caja de 10 unidades. El precio del env&iacute;o corresponde a una unidad de embalaje compuesta de 10 kits. Valor de env&iacute;o final se detalla en la propuesta comercial.</p>\r\n\r\n<p>&nbsp;</p>', '2022-11-14 19:58:58', '2022-11-16 11:23:40'),
(13, 1, 'Kit cheers premium', 98900, 105000, 10, '5 días', 15000, 0, '<p>Por los que amamos, por la vida, por los sue&ntilde;os, por los prop&oacute;sitos, por los amigos, por las sonrisas que dimos y los abrazos que recibimos. &iquest;Porque te gustar&iacute;a brindar en estas.</p>\r\n\r\n<p>Este kit incluye: -</p>\r\n\r\n<ul>\r\n	<li>Caja en madera con tapa estampada con logo</li>\r\n	<li>Botella de champa&ntilde;a Chandon Extra Brut</li>\r\n	<li>Copa de vidrio de champa&ntilde;a para brindar</li>\r\n	<li>Postal navide&ntilde;a con mensaje y logo</li>\r\n	<li>Chocolates ferrero con 4 intenciones especiales</li>\r\n	<li>Decoraci&oacute;n navide&ntilde;a -</li>\r\n	<li>QR para escuchar playlist navide&ntilde;a en Spotify</li>\r\n	<li>Postal para poner en el &aacute;rbol con los prop&oacute;sitos del 2023</li>\r\n</ul>\r\n\r\n<p>Embalaje en caja de 10 unidades. El precio del env&iacute;o corresponde a una unidad de embalaje compuesta de 10 kits. Valor de env&iacute;o final se detalla en la propuesta comercial.</p>\r\n\r\n<p>&nbsp;</p>', '2022-11-14 20:16:35', '2022-11-16 11:10:12'),
(14, 1, 'Kit hot  chocolate', 72000, 79000, 10, '5 días', 15000, 0, '<p>Queremos que esta navidad te teletransportes al pasado y recuerdes esos momentos inolvidables junto a los que m&aacute;s amas compartiendo un buen chocolate caliente. &iexcl;Este kit est&aacute; aqu&iacute; para recordarte la magia de ser ni&ntilde;o!</p>\r\n\r\n<p>Este kit incluye:</p>\r\n\r\n<ul>\r\n	<li>Caja en madera con tapa estampada con logo de la empresa</li>\r\n	<li>Mug en peltre artesanal</li>\r\n	<li>Masmelos mini</li>\r\n	<li>Cocoa suizo marca Swiss Miss</li>\r\n	<li>Estrella para escribir un deseo y colgarla en el &aacute;rbol de navidad</li>\r\n	<li>Postal con logo y mensaje</li>\r\n</ul>\r\n\r\n<p>La tapa puede ir estampada full color (Foto ejemplo) o marcada a l&aacute;ser. En ambos casos se puedepersonalizar con logo de la empresa.</p>\r\n\r\n<p>Embalaje en caja de 10 unidades. El precio del env&iacute;o corresponde a una unidad de embalaje compuesta de 10 kits. Valor de env&iacute;o final se detalla en la propuesta comercial.</p>\r\n\r\n<p>&nbsp;</p>', '2022-11-14 20:21:56', '2022-11-16 11:32:23'),
(15, 1, 'Kit vino caliente para compartir', 105000, 115000, 10, '5 días', 15000, 0, '<p>&iexcl;Este kit se sentir&aacute; como un c&aacute;lido abrazo! Este kit premium ser&aacute; perfecto para regalarte o regalar a alguien especial una experiencia deliciosa de preparar vino caliente en casa. &iquest;Conoces a alguien que disfruta siempre de un buen vino? &iexcl;Este es el kit ideal! Este kit incluye: -</p>\r\n\r\n<ul>\r\n	<li>Caja en madera con estampado superior en la tapa con logo de la empresa</li>\r\n	<li>Envase en vidrio con estrellas de an&iacute;s</li>\r\n	<li>Envase en vidrio con az&uacute;car morena</li>\r\n	<li>Clavos con olor, astillas de canela, rodajas de naranja deshidratada</li>\r\n	<li>Botella de 750ml de vino marca Cuenca cepa Cabernet Sauvignon. Pa&iacute;s de procedencia: Chile</li>\r\n	<li>Postal personalizada con logo de la empresa.</li>\r\n	<li>2 Vasos en vidrio Mulled Wine</li>\r\n</ul>\r\n\r\n<p>La tapa puede ir estampada full color (Foto ejemplo) o marcada a l&aacute;ser. En ambos casos se puedepersonalizar con logo de la empresa.</p>\r\n\r\n<p>Embalaje en caja de 10 unidades. El precio del env&iacute;o corresponde a una unidad de embalaje compuesta de 10 kits. Valor de env&iacute;o final se detalla en la propuesta comercial.</p>', '2022-11-14 20:26:28', '2022-11-16 10:49:24'),
(16, 1, 'Kit café  premium', 109000, 119000, 10, '5 días', 15000, 0, '<p>&iquest;Qu&eacute; tal si nos tomamos un cafecito por un a&ntilde;o lleno de momentos bonitos, de cosas bonitas por agradecer y prop&oacute;sitos cumplidos? Este kit es perfecto para un buen amante al caf&eacute;</p>\r\n\r\n<p>Este kit incluye:</p>\r\n\r\n<ul>\r\n	<li>Caf&eacute; Juan Vald&eacute;z balanceado, tostado y molido</li>\r\n	<li>Prensa francesa 300 ml en vidrio con filtro met&aacute;lico</li>\r\n	<li>Caja en madera con tapa estampada con logo de la empresa</li>\r\n	<li>Postal navide&ntilde;a con mensaje y logo</li>\r\n	<li>QR para escuchar playlist navide&ntilde;a en Spotify</li>\r\n	<li>Postal para poner en el &aacute;rbol con los prop&oacute;sitos del 2023</li>\r\n</ul>\r\n\r\n<p>La tapa puede ir estampada full color (Foto ejemplo) o marcada a l&aacute;ser. En ambos casos se puedepersonalizar con logo de la empresa.</p>\r\n\r\n<p>Embalaje en caja de 10 unidades. El precio del env&iacute;o corresponde a una unidad de embalaje compuesta de 10 kits. Valor de env&iacute;o final se detalla en la propuesta comercial.</p>', '2022-11-14 20:29:47', '2022-11-16 10:44:50'),
(17, 1, 'Cobija personalizable', 59000, 65000, 10, '7 días', 15000, 0, '<p>Una cobija especialmente dise&ntilde;ada para dar un regalo pr&aacute;ctico para llevarla a todas partes.</p>\r\n\r\n<p>Este prodcuto incluye:</p>\r\n\r\n<ul>\r\n	<li>Cobija extrasuave de 1.40 cm x 1.80 cm con color de tela a gusto del cliente se puede seleccionar entre opciones disponibles. Bordada con el logo de la empresa en un extremo</li>\r\n	<li>Tula en tela antifluidos con estampado personalizado de la empresa y logo</li>\r\n</ul>\r\n\r\n<p>Embalaje en caja de 10 unidades. El precio del env&iacute;o corresponde a una unidad de embalaje compuesta de 10 a 20 cobijas. Valor de env&iacute;o final se detalla en la propuesta comercial.</p>\r\n\r\n<p>&nbsp;</p>', '2022-11-14 20:32:48', '2022-11-16 10:42:32');

-- --------------------------------------------------------

--
-- Estructura de tabla para la tabla `products_categories`
--

CREATE TABLE `products_categories` (
  `id` int(11) NOT NULL,
  `category_id` int(11) DEFAULT NULL,
  `product_id` int(11) DEFAULT NULL,
  `created_at` datetime DEFAULT NULL,
  `updated_at` datetime DEFAULT NULL
) ENGINE=MyISAM DEFAULT CHARSET=latin1;

--
-- Volcado de datos para la tabla `products_categories`
--

INSERT INTO `products_categories` (`id`, `category_id`, `product_id`, `created_at`, `updated_at`) VALUES
(60, 2, 10, '2022-11-16 11:28:05', '2022-11-16 11:28:05'),
(61, 2, 9, '2022-11-16 11:29:27', '2022-11-16 11:29:27'),
(58, 2, 12, '2022-11-16 11:23:44', '2022-11-16 11:23:44'),
(59, 2, 11, '2022-11-16 11:25:08', '2022-11-16 11:25:08'),
(62, 2, 14, '2022-11-16 11:32:25', '2022-11-16 11:32:25'),
(57, 2, 13, '2022-11-16 11:10:14', '2022-11-16 11:10:14'),
(56, 2, 15, '2022-11-16 10:49:26', '2022-11-16 10:49:26'),
(55, 2, 16, '2022-11-16 10:44:52', '2022-11-16 10:44:52'),
(54, 2, 17, '2022-11-16 10:42:32', '2022-11-16 10:42:32');

-- --------------------------------------------------------

--
-- Estructura de tabla para la tabla `products_subcategories`
--

CREATE TABLE `products_subcategories` (
  `id` int(11) NOT NULL,
  `subcategory_id` int(11) DEFAULT NULL,
  `product_id` int(11) DEFAULT NULL,
  `created_at` datetime DEFAULT NULL,
  `updated_at` datetime DEFAULT NULL
) ENGINE=MyISAM DEFAULT CHARSET=latin1;

-- --------------------------------------------------------

--
-- Estructura de tabla para la tabla `product_gallery`
--

CREATE TABLE `product_gallery` (
  `id` int(11) NOT NULL,
  `file` longtext DEFAULT NULL,
  `product_id` int(11) DEFAULT NULL,
  `created_at` datetime DEFAULT NULL,
  `updated_at` datetime DEFAULT NULL
) ENGINE=MyISAM DEFAULT CHARSET=latin1;

--
-- Volcado de datos para la tabla `product_gallery`
--

INSERT INTO `product_gallery` (`id`, `file`, `product_id`, `created_at`, `updated_at`) VALUES
(83, '1668616083_vela-edicion-navidad-alma-de-las-cosas-4.png.png', 10, '2022-11-16 11:28:04', '2022-11-16 11:28:04'),
(84, '1668616084_vela-edicion-navidad-alma-de-las-cosas-5.png.png', 10, '2022-11-16 11:28:05', '2022-11-16 11:28:05'),
(85, '1668616165_kit-velitas-navidad-alma-de-las-cosas.png.png', 9, '2022-11-16 11:29:26', '2022-11-16 11:29:26'),
(86, '1668616166_kit-velitas-navidad-alma-de-las-cosas-2.png.png', 9, '2022-11-16 11:29:27', '2022-11-16 11:29:27'),
(79, '1668615907_kit-smores-navidad-alma-de-las-cosas-6.png.png', 11, '2022-11-16 11:25:08', '2022-11-16 11:25:08'),
(80, '1668616081_vela-edicion-navidad-alma-de-las-cosas.png.png', 10, '2022-11-16 11:28:02', '2022-11-16 11:28:02'),
(81, '1668616082_vela-edición-navidad-alma-de-las-cosas.png.png', 10, '2022-11-16 11:28:03', '2022-11-16 11:28:03'),
(82, '1668616083_vela-edicion-navidad-alma-de-las-cosas-3.png.png', 10, '2022-11-16 11:28:03', '2022-11-16 11:28:03'),
(76, '1668615905_kit-smores-navidad-alma-de-las-cosas.png.png', 11, '2022-11-16 11:25:06', '2022-11-16 11:25:06'),
(77, '1668615906_kit-smores-navidad-alma-de-las-cosas-3.png.png', 11, '2022-11-16 11:25:07', '2022-11-16 11:25:07'),
(78, '1668615907_kit-smores-navidad-alma-de-las-cosas-5.png.png', 11, '2022-11-16 11:25:07', '2022-11-16 11:25:07'),
(71, '1668615821_kit-calido-abrazo-ancheta-navidad-alma-de-las-cosas-2.png.png', 12, '2022-11-16 11:23:41', '2022-11-16 11:23:41'),
(72, '1668615821_kit-calido-abrazo-ancheta-navidad-alma-de-las-cosas-3.png.png', 12, '2022-11-16 11:23:42', '2022-11-16 11:23:42'),
(73, '1668615822_kit-calido-abrazo-ancheta-navidad-alma-de-las-cosas-4.png.png', 12, '2022-11-16 11:23:42', '2022-11-16 11:23:42'),
(74, '1668615822_kit-calido-abrazo-ancheta-navidad-alma-de-las-cosas-6.png.png', 12, '2022-11-16 11:23:43', '2022-11-16 11:23:43'),
(75, '1668615823_kit-calido-abrazo-ancheta-navidad-alma-de-las-cosas-8.png.png', 12, '2022-11-16 11:23:44', '2022-11-16 11:23:44'),
(66, '1668615012_kit-para-brindar-regalos-navidad-alma-de-las-cosas.png.png', 13, '2022-11-16 11:10:13', '2022-11-16 11:10:13'),
(67, '1668615013_kit-para-brindar-regalos-navidad-alma-de-las-cosas-2.png.png', 13, '2022-11-16 11:10:13', '2022-11-16 11:10:13'),
(68, '1668615013_kit-para-brindar-regalos-navidad-alma-de-las-cosas-4.png.png', 13, '2022-11-16 11:10:14', '2022-11-16 11:10:14'),
(69, '1668615014_kit-para-brindar-regalos-navidad-alma-de-las-cosas-5.png.png', 13, '2022-11-16 11:10:14', '2022-11-16 11:10:14'),
(70, '1668615820_kit-calido-abrazo-ancheta-navidad-alma-de-las-cosas.png.png', 12, '2022-11-16 11:23:41', '2022-11-16 11:23:41'),
(64, '1668613765_kit-vino-caliente-para-compartir-alma-de-las-cosas-3.png.png', 15, '2022-11-16 10:49:26', '2022-11-16 10:49:26'),
(65, '1668615012_kit-para-brindar-regalos-navidad-alma-de-las-cosas-3.png.png', 13, '2022-11-16 11:10:12', '2022-11-16 11:10:12'),
(61, '1668613491_kit-de-cafe-navidad-alma-de-las-cosas-4.png.png', 16, '2022-11-16 10:44:52', '2022-11-16 10:44:52'),
(62, '1668613764_kit-vino-caliente-para-compartir-alma-de-las-cosas-2.png.png', 15, '2022-11-16 10:49:25', '2022-11-16 10:49:25'),
(63, '1668613765_kit-vino-caliente-para-compartir-alma-de-las-cosas.png.png', 15, '2022-11-16 10:49:25', '2022-11-16 10:49:25'),
(59, '1668613490_kit-de-cafe-alma-de-las-cosas-edicio-navidad.jpg.jpg', 16, '2022-11-16 10:44:51', '2022-11-16 10:44:51'),
(60, '1668613491_kit-de-cafe-navidad-alma-de-las-cosas-2.png.png', 16, '2022-11-16 10:44:51', '2022-11-16 10:44:51'),
(56, '1668613352_1d863e3225b155145e3f49b66b005bdeCobija-mama-regalo-alma-de-las-cosas-4.jpg.jpg', 17, '2022-11-16 10:42:32', '2022-11-16 10:42:32'),
(57, '1668613352_d8b5b3e41f2a8ecbf34b20b9fcd9e24dCobija-mama-regalo-alma-de-las-cosas-3 (2).jpg.jpg', 17, '2022-11-16 10:42:32', '2022-11-16 10:42:32'),
(58, '1668613352_ba094ab1da3346b124122597dbc0b3abCobija-mama-regalo-alma-de-las-cosas-5 (1).jpg.jpg', 17, '2022-11-16 10:42:32', '2022-11-16 10:42:32'),
(87, '1668616167_kit-velitas-navidad-alma-de-las-cosas-3.png.png', 9, '2022-11-16 11:29:27', '2022-11-16 11:29:27'),
(88, '1668616167_15-11-2022-070131DSC06047.jpg.jpg', 9, '2022-11-16 11:29:27', '2022-11-16 11:29:27'),
(89, '1668616343_kit-hot-chocolate-navidad-alma-de-las-cosas-3.png.png', 14, '2022-11-16 11:32:23', '2022-11-16 11:32:23'),
(90, '1668616343_kit-hot-chocolate-navidad-alma-de-las-cosas.png.png', 14, '2022-11-16 11:32:24', '2022-11-16 11:32:24'),
(91, '1668616344_kit-hot-chocolate-navidad-alma-de-las-cosas-4.png.png', 14, '2022-11-16 11:32:25', '2022-11-16 11:32:25');

-- --------------------------------------------------------

--
-- Estructura de tabla para la tabla `product_questions`
--

CREATE TABLE `product_questions` (
  `id` int(11) NOT NULL,
  `product_id` int(11) NOT NULL DEFAULT 0,
  `question` varchar(500) DEFAULT NULL,
  `answer` longtext DEFAULT NULL,
  `created_at` datetime DEFAULT NULL,
  `updated_at` datetime DEFAULT NULL
) ENGINE=MyISAM DEFAULT CHARSET=latin1;

--
-- Volcado de datos para la tabla `product_questions`
--

INSERT INTO `product_questions` (`id`, `product_id`, `question`, `answer`, `created_at`, `updated_at`) VALUES
(1, 7, 'Por que s epuede dañas', 'por que es muy debil y fragil y al mover', '2022-10-13 18:17:00', '2022-10-13 18:17:00');

-- --------------------------------------------------------

--
-- Estructura de tabla para la tabla `product_quotation`
--

CREATE TABLE `product_quotation` (
  `id` int(11) NOT NULL,
  `product_id` int(11) DEFAULT NULL,
  `user_id` int(11) DEFAULT NULL,
  `email` varchar(100) DEFAULT NULL,
  `name` varchar(100) DEFAULT NULL,
  `cellphone` varchar(10) DEFAULT NULL,
  `quantity` int(11) DEFAULT NULL,
  `address` varchar(100) DEFAULT NULL,
  `date_delivery` datetime DEFAULT NULL,
  `observations` longtext DEFAULT NULL,
  `state` int(11) DEFAULT 0,
  `created_at` datetime DEFAULT NULL,
  `updated_at` datetime DEFAULT NULL
) ENGINE=MyISAM DEFAULT CHARSET=latin1;

--
-- Volcado de datos para la tabla `product_quotation`
--

INSERT INTO `product_quotation` (`id`, `product_id`, `user_id`, `email`, `name`, `cellphone`, `quantity`, `address`, `date_delivery`, `observations`, `state`, `created_at`, `updated_at`) VALUES
(1, 9, 1, 'felipe.almadelascosas@gmail.com', 'Felipe Roldán', '3104058361', 1500, 'Medellín', '2022-11-30 00:00:00', 'Quiero que todo vaya brandeado con la marca de mi empresa', 0, '2022-11-16 19:39:52', '2022-11-16 19:39:52'),
(2, 11, 1, 'admin@almadelascosas.com', 'Felipe Roldan', '3104058361', 100, 'Medellín', '2022-11-30 00:00:00', 'Lo quiero con el logo de mi empresa', 1, '2022-11-23 22:45:03', '2022-11-23 22:47:23'),
(3, 10, 1, 'felipe@almadelascosas.com', 'FELIPE', '455622', 1322125525, 'mEDELLÍN', '2022-11-30 00:00:00', 'hola', 0, '2022-11-24 14:39:03', '2022-11-24 14:39:03');

-- --------------------------------------------------------

--
-- Estructura de tabla para la tabla `roles`
--

CREATE TABLE `roles` (
  `id` bigint(20) UNSIGNED NOT NULL,
  `name` varchar(125) COLLATE utf8mb4_unicode_ci NOT NULL,
  `guard_name` varchar(125) COLLATE utf8mb4_unicode_ci NOT NULL,
  `icon` varchar(125) COLLATE utf8mb4_unicode_ci DEFAULT NULL,
  `created_at` timestamp NULL DEFAULT NULL,
  `updated_at` timestamp NULL DEFAULT NULL
) ENGINE=MyISAM DEFAULT CHARSET=utf8mb4 COLLATE=utf8mb4_unicode_ci;

--
-- Volcado de datos para la tabla `roles`
--

INSERT INTO `roles` (`id`, `name`, `guard_name`, `icon`, `created_at`, `updated_at`) VALUES
(1, 'Administrador', 'web', NULL, '2022-02-09 15:59:45', '2022-02-09 15:59:45'),
(2, 'Usuario', 'web', NULL, '2022-02-09 15:59:45', '2022-02-09 15:59:45'),
(3, 'Comercio', 'web', NULL, '2022-02-23 16:22:41', '2022-02-23 16:22:41');

-- --------------------------------------------------------

--
-- Estructura de tabla para la tabla `role_has_permissions`
--

CREATE TABLE `role_has_permissions` (
  `permission_id` bigint(20) UNSIGNED NOT NULL,
  `role_id` bigint(20) UNSIGNED NOT NULL
) ENGINE=MyISAM DEFAULT CHARSET=utf8mb4 COLLATE=utf8mb4_unicode_ci;

--
-- Volcado de datos para la tabla `role_has_permissions`
--

INSERT INTO `role_has_permissions` (`permission_id`, `role_id`) VALUES
(1, 1),
(2, 1),
(3, 1),
(4, 1),
(5, 1),
(6, 1),
(7, 1),
(8, 1),
(9, 1),
(10, 1),
(11, 1),
(12, 1),
(13, 1),
(14, 1),
(15, 1),
(16, 1),
(17, 1),
(18, 1),
(19, 1),
(20, 1),
(21, 1),
(22, 1),
(23, 1),
(24, 1),
(25, 1),
(26, 1),
(26, 3),
(27, 1),
(27, 3),
(28, 1),
(28, 3),
(29, 1),
(29, 3),
(30, 1),
(30, 3),
(31, 1),
(31, 3),
(32, 1),
(32, 3);

-- --------------------------------------------------------

--
-- Estructura de tabla para la tabla `services`
--

CREATE TABLE `services` (
  `id` int(10) UNSIGNED NOT NULL,
  `name` longtext COLLATE utf8mb4_unicode_ci NOT NULL,
  `description` longtext COLLATE utf8mb4_unicode_ci NOT NULL,
  `price` double(8,2) NOT NULL,
  `state` int(11) NOT NULL,
  `sku` varchar(125) COLLATE utf8mb4_unicode_ci NOT NULL,
  `campuse_id` int(11) DEFAULT NULL,
  `created_at` timestamp NULL DEFAULT NULL,
  `updated_at` timestamp NULL DEFAULT NULL
) ENGINE=MyISAM DEFAULT CHARSET=utf8mb4 COLLATE=utf8mb4_unicode_ci;

--
-- Volcado de datos para la tabla `services`
--

INSERT INTO `services` (`id`, `name`, `description`, `price`, `state`, `sku`, `campuse_id`, `created_at`, `updated_at`) VALUES
(1, 'Prueba 6', 'fgdfgdfgdfg', 80000.00, 1, 'Eli-812', 1, '2021-10-10 19:46:34', '2022-01-03 14:54:44'),
(3, 'Prueba 1', '', 25000.00, 1, 'Eli-125', NULL, '2021-11-05 17:08:32', '2021-11-05 17:08:32'),
(4, 'Prueba 2', '', 75000.00, 1, 'Eli-6393', NULL, '2021-11-05 17:09:02', '2021-11-05 17:09:02'),
(5, 'Prueba 3', '', 150000.00, 1, 'Eli-256', NULL, '2021-11-05 17:09:33', '2021-11-05 17:09:33'),
(6, 'Blanqueamientos', 'fgdfgdf', 180000.00, 1, 'ert-4534', 1, '2022-01-03 15:03:10', '2022-01-03 15:03:10');

-- --------------------------------------------------------

--
-- Estructura de tabla para la tabla `subcategories`
--

CREATE TABLE `subcategories` (
  `id` int(11) NOT NULL,
  `category_id` int(11) DEFAULT NULL,
  `name` varchar(50) DEFAULT NULL,
  `file` varchar(50) DEFAULT NULL,
  `slug` longtext DEFAULT NULL,
  `state` int(11) DEFAULT NULL,
  `created_at` datetime DEFAULT NULL,
  `updated_at` datetime DEFAULT NULL
) ENGINE=MyISAM DEFAULT CHARSET=latin1;

--
-- Volcado de datos para la tabla `subcategories`
--

INSERT INTO `subcategories` (`id`, `category_id`, `name`, `file`, `slug`, `state`, `created_at`, `updated_at`) VALUES
(1, 1, 'El michi mas', '1664889485.png', 'el-michi-mas', 1, '2022-09-23 18:59:46', '2022-10-04 08:18:05'),
(2, 1, 'anchetas', '1664889697.png', 'anchetas', 1, '2022-10-04 08:21:37', '2022-10-04 08:21:37');

-- --------------------------------------------------------

--
-- Estructura de tabla para la tabla `users`
--

CREATE TABLE `users` (
  `id` int(10) UNSIGNED NOT NULL,
  `name` varchar(125) COLLATE utf8mb4_unicode_ci NOT NULL,
  `lastname` varchar(125) COLLATE utf8mb4_unicode_ci DEFAULT NULL,
  `username` varchar(125) COLLATE utf8mb4_unicode_ci NOT NULL,
  `genero` varchar(125) COLLATE utf8mb4_unicode_ci NOT NULL,
  `email` varchar(125) COLLATE utf8mb4_unicode_ci NOT NULL,
  `email_verified_at` timestamp NULL DEFAULT NULL,
  `password` varchar(125) COLLATE utf8mb4_unicode_ci NOT NULL,
  `status` smallint(6) NOT NULL DEFAULT 0,
  `remember_token` varchar(100) COLLATE utf8mb4_unicode_ci DEFAULT NULL,
  `deleted_at` timestamp NULL DEFAULT NULL,
  `created_at` timestamp NULL DEFAULT NULL,
  `updated_at` timestamp NULL DEFAULT NULL
) ENGINE=MyISAM DEFAULT CHARSET=utf8mb4 COLLATE=utf8mb4_unicode_ci;

--
-- Volcado de datos para la tabla `users`
--

INSERT INTO `users` (`id`, `name`, `lastname`, `username`, `genero`, `email`, `email_verified_at`, `password`, `status`, `remember_token`, `deleted_at`, `created_at`, `updated_at`) VALUES
(1, 'Admin', 'Administrador', 'laradmin', 'M', 'admin@mail.com', NULL, '$2y$10$fMmLlQkjlkLn3zOlfXQ7Mek3ahlo43pvV0h6cvV6EEkX17tTkdBam', 1, NULL, NULL, '2022-02-09 15:59:45', '2022-02-09 15:59:45'),
(2, 'Usuario', 'Usuarios', 'larausuario', 'F', 'usuario1@mail.com', NULL, '$2y$10$h1TnOhLWdp7.abo4UXHLduOEZIONULaHSTp3g1PS/g/XRKeqxZTYu', 1, NULL, NULL, '2022-02-09 15:59:45', '2022-10-13 19:21:43'),
(3, 'Decoraciones H&M', NULL, 'decoracionesh&m', 'M', 'prueba@prueba.com', NULL, '$2y$10$NInlRxMG0YbvQ9WsZWRS5eXxvUEN417UaEoE/unf79ewdqzgp8HfS', 1, NULL, NULL, '2022-10-04 16:24:07', '2022-10-04 16:34:39'),
(4, 'Comercio prueba 1', 'Comercio prueba 1', 'comercio1', 'M', 'app.almadelascosas@gmail.com', NULL, '$2y$10$cVX3xKiL6OEQFdz.7.slKu9eqoJNbL0zx6FaM1pF1GFYxgcAAU1Cq', 1, NULL, NULL, '2022-11-10 20:12:28', '2022-11-10 20:13:49');

--
-- Índices para tablas volcadas
--

--
-- Indices de la tabla `categories`
--
ALTER TABLE `categories`
  ADD PRIMARY KEY (`id`);

--
-- Indices de la tabla `category_banner`
--
ALTER TABLE `category_banner`
  ADD PRIMARY KEY (`id`) USING BTREE,
  ADD KEY `FK_category_banner_categories` (`category_id`);

--
-- Indices de la tabla `cities`
--
ALTER TABLE `cities`
  ADD PRIMARY KEY (`id`);

--
-- Indices de la tabla `customers`
--
ALTER TABLE `customers`
  ADD PRIMARY KEY (`id`),
  ADD KEY `FK_customers_users` (`user_id`);

--
-- Indices de la tabla `departaments`
--
ALTER TABLE `departaments`
  ADD PRIMARY KEY (`id`) USING BTREE;

--
-- Indices de la tabla `failed_jobs`
--
ALTER TABLE `failed_jobs`
  ADD PRIMARY KEY (`id`);

--
-- Indices de la tabla `logins`
--
ALTER TABLE `logins`
  ADD PRIMARY KEY (`id`),
  ADD KEY `logins_user_id_foreign` (`user_id`);

--
-- Indices de la tabla `log_sistemas`
--
ALTER TABLE `log_sistemas`
  ADD PRIMARY KEY (`id`),
  ADD KEY `log_sistemas_user_id_foreign` (`user_id`);

--
-- Indices de la tabla `migrations`
--
ALTER TABLE `migrations`
  ADD PRIMARY KEY (`id`);

--
-- Indices de la tabla `model_has_permissions`
--
ALTER TABLE `model_has_permissions`
  ADD PRIMARY KEY (`permission_id`,`model_id`,`model_type`),
  ADD KEY `model_has_permissions_model_id_model_type_index` (`model_id`,`model_type`);

--
-- Indices de la tabla `model_has_roles`
--
ALTER TABLE `model_has_roles`
  ADD PRIMARY KEY (`role_id`,`model_id`,`model_type`),
  ADD KEY `model_has_roles_model_id_model_type_index` (`model_id`,`model_type`);

--
-- Indices de la tabla `password_resets`
--
ALTER TABLE `password_resets`
  ADD KEY `password_resets_email_index` (`email`);

--
-- Indices de la tabla `permissions`
--
ALTER TABLE `permissions`
  ADD PRIMARY KEY (`id`),
  ADD UNIQUE KEY `permissions_name_guard_name_unique` (`name`,`guard_name`);

--
-- Indices de la tabla `products`
--
ALTER TABLE `products`
  ADD PRIMARY KEY (`id`),
  ADD KEY `FK_products_users` (`user_id`);

--
-- Indices de la tabla `products_categories`
--
ALTER TABLE `products_categories`
  ADD PRIMARY KEY (`id`),
  ADD KEY `FK_products_categories_categories` (`category_id`),
  ADD KEY `FK_products_categories_products` (`product_id`);

--
-- Indices de la tabla `products_subcategories`
--
ALTER TABLE `products_subcategories`
  ADD PRIMARY KEY (`id`),
  ADD KEY `FK_products_subcategories_subcategories` (`subcategory_id`),
  ADD KEY `FK_products_subcategories_products` (`product_id`);

--
-- Indices de la tabla `product_gallery`
--
ALTER TABLE `product_gallery`
  ADD PRIMARY KEY (`id`),
  ADD KEY `FK_dog_gallery_dogs` (`product_id`) USING BTREE;

--
-- Indices de la tabla `product_questions`
--
ALTER TABLE `product_questions`
  ADD PRIMARY KEY (`id`),
  ADD KEY `FK_product_questions_products` (`product_id`);

--
-- Indices de la tabla `product_quotation`
--
ALTER TABLE `product_quotation`
  ADD PRIMARY KEY (`id`),
  ADD KEY `FK__products` (`product_id`);

--
-- Indices de la tabla `roles`
--
ALTER TABLE `roles`
  ADD PRIMARY KEY (`id`),
  ADD UNIQUE KEY `roles_name_guard_name_unique` (`name`,`guard_name`);

--
-- Indices de la tabla `role_has_permissions`
--
ALTER TABLE `role_has_permissions`
  ADD PRIMARY KEY (`permission_id`,`role_id`),
  ADD KEY `role_has_permissions_role_id_foreign` (`role_id`);

--
-- Indices de la tabla `services`
--
ALTER TABLE `services`
  ADD PRIMARY KEY (`id`);

--
-- Indices de la tabla `subcategories`
--
ALTER TABLE `subcategories`
  ADD PRIMARY KEY (`id`) USING BTREE,
  ADD KEY `FK_subcategories_categories` (`category_id`);

--
-- Indices de la tabla `users`
--
ALTER TABLE `users`
  ADD PRIMARY KEY (`id`),
  ADD UNIQUE KEY `users_email_unique` (`email`);

--
-- AUTO_INCREMENT de las tablas volcadas
--

--
-- AUTO_INCREMENT de la tabla `categories`
--
ALTER TABLE `categories`
  MODIFY `id` int(11) NOT NULL AUTO_INCREMENT, AUTO_INCREMENT=5;

--
-- AUTO_INCREMENT de la tabla `category_banner`
--
ALTER TABLE `category_banner`
  MODIFY `id` int(11) NOT NULL AUTO_INCREMENT, AUTO_INCREMENT=3;

--
-- AUTO_INCREMENT de la tabla `cities`
--
ALTER TABLE `cities`
  MODIFY `id` int(10) UNSIGNED NOT NULL AUTO_INCREMENT, AUTO_INCREMENT=1135;

--
-- AUTO_INCREMENT de la tabla `customers`
--
ALTER TABLE `customers`
  MODIFY `id` int(10) UNSIGNED NOT NULL AUTO_INCREMENT, AUTO_INCREMENT=3;

--
-- AUTO_INCREMENT de la tabla `departaments`
--
ALTER TABLE `departaments`
  MODIFY `id` int(10) UNSIGNED NOT NULL AUTO_INCREMENT, AUTO_INCREMENT=33;

--
-- AUTO_INCREMENT de la tabla `failed_jobs`
--
ALTER TABLE `failed_jobs`
  MODIFY `id` bigint(20) UNSIGNED NOT NULL AUTO_INCREMENT;

--
-- AUTO_INCREMENT de la tabla `logins`
--
ALTER TABLE `logins`
  MODIFY `id` int(10) UNSIGNED NOT NULL AUTO_INCREMENT, AUTO_INCREMENT=22;

--
-- AUTO_INCREMENT de la tabla `log_sistemas`
--
ALTER TABLE `log_sistemas`
  MODIFY `id` int(10) UNSIGNED NOT NULL AUTO_INCREMENT, AUTO_INCREMENT=241;

--
-- AUTO_INCREMENT de la tabla `migrations`
--
ALTER TABLE `migrations`
  MODIFY `id` bigint(20) UNSIGNED NOT NULL AUTO_INCREMENT, AUTO_INCREMENT=7;

--
-- AUTO_INCREMENT de la tabla `permissions`
--
ALTER TABLE `permissions`
  MODIFY `id` bigint(20) UNSIGNED NOT NULL AUTO_INCREMENT, AUTO_INCREMENT=33;

--
-- AUTO_INCREMENT de la tabla `products`
--
ALTER TABLE `products`
  MODIFY `id` int(11) NOT NULL AUTO_INCREMENT, AUTO_INCREMENT=19;

--
-- AUTO_INCREMENT de la tabla `products_categories`
--
ALTER TABLE `products_categories`
  MODIFY `id` int(11) NOT NULL AUTO_INCREMENT, AUTO_INCREMENT=63;

--
-- AUTO_INCREMENT de la tabla `products_subcategories`
--
ALTER TABLE `products_subcategories`
  MODIFY `id` int(11) NOT NULL AUTO_INCREMENT, AUTO_INCREMENT=22;

--
-- AUTO_INCREMENT de la tabla `product_gallery`
--
ALTER TABLE `product_gallery`
  MODIFY `id` int(11) NOT NULL AUTO_INCREMENT, AUTO_INCREMENT=92;

--
-- AUTO_INCREMENT de la tabla `product_questions`
--
ALTER TABLE `product_questions`
  MODIFY `id` int(11) NOT NULL AUTO_INCREMENT, AUTO_INCREMENT=2;

--
-- AUTO_INCREMENT de la tabla `product_quotation`
--
ALTER TABLE `product_quotation`
  MODIFY `id` int(11) NOT NULL AUTO_INCREMENT, AUTO_INCREMENT=4;

--
-- AUTO_INCREMENT de la tabla `roles`
--
ALTER TABLE `roles`
  MODIFY `id` bigint(20) UNSIGNED NOT NULL AUTO_INCREMENT, AUTO_INCREMENT=5;

--
-- AUTO_INCREMENT de la tabla `services`
--
ALTER TABLE `services`
  MODIFY `id` int(10) UNSIGNED NOT NULL AUTO_INCREMENT, AUTO_INCREMENT=7;

--
-- AUTO_INCREMENT de la tabla `subcategories`
--
ALTER TABLE `subcategories`
  MODIFY `id` int(11) NOT NULL AUTO_INCREMENT, AUTO_INCREMENT=3;

--
-- AUTO_INCREMENT de la tabla `users`
--
ALTER TABLE `users`
  MODIFY `id` int(10) UNSIGNED NOT NULL AUTO_INCREMENT, AUTO_INCREMENT=5;
COMMIT;

/*!40101 SET CHARACTER_SET_CLIENT=@OLD_CHARACTER_SET_CLIENT */;
/*!40101 SET CHARACTER_SET_RESULTS=@OLD_CHARACTER_SET_RESULTS */;
/*!40101 SET COLLATION_CONNECTION=@OLD_COLLATION_CONNECTION */;
